index,new_index
N871,0
N37997,1
N26026,2
N306,3
N34820,4
N23105,5
N43142,6
N21460,7
N3259,8
N46846,9
N21020,10
N25785,11
N50755,12
N39556,13
N23571,14
N5227,15
N46039,16
N39498,17
N32700,18
N10897,19
N26109,20
N61121,21
N46994,22
N41375,23
N51450,24
N46357,25
N4702,26
N15159,27
N42620,28
N22665,29
N60543,30
N16190,31
N14981,32
N3077,33
N47168,34
N2511,35
N42781,36
N29757,37
N8665,38
N2950,39
N29361,40
N6864,41
N2192,42
N59201,43
N24298,44
N712,45
N11005,46
N31801,47
N63688,48
N18587,49
N21984,50
N52865,51
N22570,52
N37481,53
N55189,54
N16158,55
N63276,56
N15087,57
N10270,58
N54807,59
N56447,60
N53209,61
N32670,62
N62055,63
N62396,64
N45824,65
N21851,66
N62283,67
N37835,68
N23163,69
N54305,70
N51180,71
N34380,72
N61005,73
N44442,74
N56175,75
N53033,76
N1406,77
N4408,78
N57364,79
N14437,80
N32027,81
N63306,82
N23554,83
N64395,84
N26606,85
N10679,86
N5211,87
N27164,88
N9441,89
N52196,90
N35685,91
N36068,92
N64456,93
N17463,94
N52227,95
N4745,96
N22929,97
N3933,98
N4607,99
N5019,100
N49990,101
N14137,102
N21428,103
N1150,104
N13008,105
N12833,106
N1570,107
N48914,108
N15254,109
N27448,110
N49828,111
N60223,112
N12907,113
N642,114
N996,115
N9545,116
N58715,117
N20039,118
N16290,119
N44361,120
N6835,121
N9653,122
N40517,123
N47954,124
N43295,125
N16793,126
N4593,127
N53074,128
N54101,129
N59884,130
N5938,131
N53883,132
N57760,133
N63656,134
N48592,135
N5477,136
N26176,137
N36453,138
N51821,139
N63062,140
N55846,141
N29177,142
N6156,143
N25629,144
N12367,145
N56630,146
N54580,147
N48710,148
N23570,149
N36530,150
N21258,151
N2003,152
N31996,153
N11020,154
N28257,155
N5560,156
N15676,157
N4229,158
N32138,159
N53393,160
N23862,161
N34721,162
N25715,163
N61016,164
N54026,165
N6695,166
N22732,167
N25863,168
N4411,169
N4527,170
N17390,171
N44086,172
N48259,173
N5320,174
N52230,175
N54402,176
N63161,177
N61869,178
N12933,179
N56698,180
N63724,181
N19861,182
N10865,183
N18030,184
N16636,185
N57971,186
N51712,187
N16617,188
N16715,189
N39577,190
N5643,191
N35866,192
N56753,193
N11913,194
N26714,195
N19347,196
N28030,197
N40944,198
N35926,199
N21817,200
N4862,201
N53049,202
N62714,203
N50839,204
N7364,205
N9824,206
N58518,207
N57726,208
N48881,209
N10502,210
N35560,211
N8981,212
N30371,213
N17415,214
N21178,215
N39511,216
N49134,217
N46744,218
N29358,219
N26619,220
N51619,221
N42299,222
N58226,223
N21623,224
N27167,225
N60844,226
N28296,227
N30303,228
N49361,229
N61103,230
N59823,231
N46082,232
N46826,233
N30867,234
N22081,235
N37942,236
N49647,237
N2306,238
N21202,239
N50770,240
N14697,241
N62215,242
N59440,243
N52652,244
N27910,245
N61267,246
N619,247
N11855,248
N54522,249
N46301,250
N52551,251
N39900,252
N35458,253
N5104,254
N25811,255
N51270,256
N17952,257
N25740,258
N8794,259
N61864,260
N19736,261
N44013,262
N12889,263
N3500,264
N10059,265
N39043,266
N28818,267
N719,268
N51741,269
N40019,270
N23628,271
N24889,272
N47485,273
N5056,274
N19152,275
N52946,276
N33617,277
N37378,278
N14340,279
N5034,280
N61704,281
N44399,282
N52648,283
N19638,284
N18164,285
N49481,286
N47170,287
N5290,288
N47525,289
N46096,290
N33417,291
N848,292
N56514,293
N3909,294
N52626,295
N11101,296
N44052,297
N53216,298
N46023,299
N33861,300
N6622,301
N60362,302
N9798,303
N50752,304
N1300,305
N37920,306
N250,307
N8960,308
N57888,309
N9803,310
N53880,311
N42470,312
N47020,313
N59359,314
N30353,315
N57812,316
N60184,317
N13374,318
N61342,319
N32166,320
N24591,321
N34140,322
N29326,323
N32640,324
N5445,325
N62546,326
N16030,327
N47173,328
N31694,329
N63709,330
N30160,331
N16781,332
N27373,333
N4486,334
N11231,335
N13429,336
N14761,337
N43189,338
N33213,339
N32498,340
N51330,341
N42128,342
N14742,343
N11249,344
N44867,345
N33013,346
N49040,347
N31172,348
N381,349
N64273,350
N46811,351
N43778,352
N54168,353
N6767,354
N31143,355
N62959,356
N9867,357
N35671,358
N21970,359
N62801,360
N36164,361
N54793,362
N62480,363
N26017,364
N38585,365
N13363,366
N35346,367
N7729,368
N53016,369
N46911,370
N8129,371
N53387,372
N38118,373
N49995,374
N33683,375
N33247,376
N26978,377
N20997,378
N44237,379
N58641,380
N57571,381
N43725,382
N19994,383
N4536,384
N54822,385
N64314,386
N1966,387
N14185,388
N35552,389
N13137,390
N5241,391
N46392,392
N59704,393
N9120,394
N37811,395
N55148,396
N4069,397
N16423,398
N41997,399
N21493,400
N34649,401
N54625,402
N22753,403
N3057,404
N6466,405
N34105,406
N12349,407
N34394,408
N4166,409
N44885,410
N52875,411
N15765,412
N14452,413
N13138,414
N37663,415
N51705,416
N32194,417
N39830,418
N56537,419
N6056,420
N56253,421
N51111,422
N3893,423
N41049,424
N13233,425
N29680,426
N34004,427
N46843,428
N44956,429
N36275,430
N14629,431
N18760,432
N13180,433
N25273,434
N62690,435
N19236,436
N14644,437
N41252,438
N46978,439
N40824,440
N64634,441
N14607,442
N56692,443
N44559,444
N30662,445
N58571,446
N19131,447
N61347,448
N61217,449
N10235,450
N55326,451
N8422,452
N995,453
N20147,454
N36053,455
N6397,456
N57296,457
N50027,458
N56736,459
N60470,460
N12197,461
N1603,462
N46573,463
N22561,464
N42137,465
N58638,466
N48600,467
N14514,468
N57924,469
N34399,470
N5102,471
N5735,472
N55743,473
N41797,474
N28088,475
N23196,476
N43587,477
N38924,478
N40070,479
N13689,480
N19300,481
N64193,482
N55497,483
N47277,484
N32069,485
N11246,486
N46966,487
N5283,488
N29690,489
N17128,490
N44923,491
N4970,492
N37394,493
N38310,494
N10470,495
N59922,496
N59327,497
N47615,498
N2782,499
N20357,500
N26169,501
N2203,502
N2794,503
N20710,504
N12096,505
N27154,506
N36843,507
N30698,508
N47847,509
N47719,510
N33096,511
N14385,512
N39798,513
N39462,514
N37509,515
N51591,516
N18109,517
N48582,518
N57737,519
N51706,520
N60954,521
N3345,522
N3183,523
N63554,524
N22864,525
N55951,526
N45794,527
N35022,528
N7376,529
N61388,530
N26900,531
N38994,532
N36083,533
N51840,534
N26288,535
N13231,536
N57955,537
N812,538
N24267,539
N54842,540
N14349,541
N29503,542
N28856,543
N48356,544
N54327,545
N10120,546
N17303,547
N7019,548
N55389,549
N17892,550
N60212,551
N23958,552
N41218,553
N18910,554
N34531,555
N48742,556
N40171,557
N20575,558
N31938,559
N33502,560
N33981,561
N36424,562
N7938,563
N3491,564
N47438,565
N20950,566
N21317,567
N5469,568
N2028,569
N40613,570
N459,571
N27851,572
N59345,573
N55231,574
N46483,575
N879,576
N17403,577
N700,578
N48987,579
N7100,580
N20145,581
N7048,582
N8552,583
N36676,584
N10815,585
N64408,586
N13679,587
N9680,588
N63260,589
N61449,590
N59231,591
N32483,592
N4020,593
N28419,594
N34627,595
N31057,596
N54698,597
N64591,598
N25577,599
N32663,600
N6154,601
N60340,602
N20792,603
N9226,604
N63429,605
N41404,606
N18905,607
N32312,608
N43781,609
N63258,610
N38802,611
N5978,612
N58090,613
N29276,614
N58264,615
N41616,616
N8676,617
N33092,618
N5902,619
N13850,620
N34590,621
N46131,622
N34323,623
N19706,624
N18355,625
N46616,626
N26746,627
N6831,628
N41926,629
N63855,630
N9674,631
N19660,632
N46473,633
N36271,634
N24150,635
N6915,636
N20602,637
N18366,638
N17589,639
N32573,640
N18238,641
N17292,642
N50475,643
N48655,644
N18064,645
N38868,646
N39778,647
N29867,648
N40509,649
N43561,650
N4483,651
N13603,652
N57886,653
N32109,654
N61997,655
N37123,656
N60000,657
N8834,658
N59237,659
N46513,660
N64819,661
N60699,662
N36095,663
N35108,664
N566,665
N7062,666
N47348,667
N54528,668
N30612,669
N60785,670
N11885,671
N38939,672
N25114,673
N44984,674
N4830,675
N20680,676
N40373,677
N16292,678
N47175,679
N8448,680
N10417,681
N36353,682
N37681,683
N48076,684
N37131,685
N32008,686
N61249,687
N33503,688
N46085,689
N59139,690
N3280,691
N46267,692
N47687,693
N44416,694
N1843,695
N48621,696
N25258,697
N60985,698
N43955,699
N59923,700
N12576,701
N50372,702
N65204,703
N34167,704
N41244,705
N25062,706
N37586,707
N36387,708
N53017,709
N40785,710
N23784,711
N2189,712
N64716,713
N19269,714
N59546,715
N34322,716
N33998,717
N34694,718
N8845,719
N24187,720
N48098,721
N56541,722
N21844,723
N18275,724
N63003,725
N55556,726
N8258,727
N56527,728
N8878,729
N12652,730
N14383,731
N16902,732
N16233,733
N15034,734
N501,735
N27408,736
N30434,737
N40716,738
N22997,739
N8148,740
N29857,741
N39979,742
N10732,743
N25792,744
N7563,745
N21087,746
N41087,747
N60384,748
N52500,749
N33164,750
N47289,751
N24233,752
N62058,753
N26378,754
N49475,755
N18870,756
N10078,757
N14904,758
N33740,759
N28501,760
N30145,761
N53234,762
N38105,763
N50710,764
N61070,765
N63620,766
N20216,767
N80,768
N5013,769
N36811,770
N63123,771
N6531,772
N2778,773
N20613,774
N20857,775
N50370,776
N37708,777
N62816,778
N44310,779
N36817,780
N15630,781
N54024,782
N13199,783
N34287,784
N52536,785
N921,786
N48276,787
N63302,788
N34069,789
N817,790
N9056,791
N60895,792
N32001,793
N3826,794
N11866,795
N43899,796
N57072,797
N60496,798
N44258,799
N62771,800
N49728,801
N18845,802
N39737,803
N45080,804
N60491,805
N25739,806
N30209,807
N45278,808
N21272,809
N20290,810
N32230,811
N33513,812
N29597,813
N42989,814
N12801,815
N12291,816
N63842,817
N39508,818
N61931,819
N47729,820
N7143,821
N48517,822
N30967,823
N39677,824
N34824,825
N41197,826
N38390,827
N61196,828
N1398,829
N55599,830
N10414,831
N62703,832
N55410,833
N60671,834
N62374,835
N27766,836
N48699,837
N7849,838
N28123,839
N24471,840
N5886,841
N60300,842
N24514,843
N50135,844
N27407,845
N10756,846
N32421,847
N2083,848
N29730,849
N60206,850
N27612,851
N41063,852
N62006,853
N36699,854
N24914,855
N18777,856
N58504,857
N29426,858
N14470,859
N38266,860
N50513,861
N9899,862
N51238,863
N42526,864
N55517,865
N23256,866
N46681,867
N477,868
N14150,869
N23653,870
N14963,871
N5823,872
N26265,873
N40692,874
N26272,875
N54090,876
N7214,877
N24243,878
N28074,879
N50051,880
N62471,881
N35710,882
N37225,883
N14655,884
N25885,885
N14552,886
N58724,887
N37528,888
N3301,889
N2775,890
N3264,891
N9890,892
N46655,893
N8629,894
N46795,895
N64106,896
N50,897
N601,898
N63761,899
N55911,900
N14417,901
N45269,902
N52481,903
N43827,904
N18106,905
N37729,906
N32233,907
N55582,908
N20304,909
N62327,910
N54022,911
N53520,912
N6233,913
N33083,914
N145,915
N4244,916
N38465,917
N4490,918
N37003,919
N17968,920
N59426,921
N12003,922
N25814,923
N60607,924
N22063,925
N46229,926
N55042,927
N12808,928
N8143,929
N4717,930
N40153,931
N53948,932
N4917,933
N59574,934
N20607,935
N23431,936
N40962,937
N43997,938
N37039,939
N46049,940
N49944,941
N8745,942
N22279,943
N37211,944
N3501,945
N10588,946
N3908,947
N46425,948
N18868,949
N12461,950
N31352,951
N16874,952
N49146,953
N110,954
N5440,955
N61275,956
N65169,957
N39117,958
N5831,959
N16225,960
N58255,961
N50328,962
N62634,963
N54827,964
N23500,965
N63229,966
N56986,967
N15022,968
N55656,969
N19028,970
N60815,971
N48325,972
N31134,973
N56386,974
N60153,975
N13475,976
N17811,977
N19360,978
N62917,979
N3130,980
N14214,981
N48904,982
N38299,983
N46919,984
N14292,985
N19439,986
N28313,987
N29070,988
N51658,989
N23732,990
N63889,991
N38701,992
N28981,993
N63576,994
N45829,995
N17271,996
N30168,997
N10527,998
N44766,999
N23614,1000
N56889,1001
N10878,1002
N12948,1003
N14827,1004
N15081,1005
N25586,1006
N42528,1007
N64467,1008
N10559,1009
N15819,1010
N40871,1011
N5753,1012
N63277,1013
N4572,1014
N19056,1015
N54469,1016
N39017,1017
N25786,1018
N35052,1019
N34553,1020
N56236,1021
N33742,1022
N2618,1023
N31248,1024
N11709,1025
N21448,1026
N30681,1027
N45535,1028
N19855,1029
N38961,1030
N50995,1031
N41470,1032
N23401,1033
N55881,1034
N38256,1035
N52026,1036
N11506,1037
N21778,1038
N56694,1039
N24394,1040
N55550,1041
N1200,1042
N64482,1043
N3787,1044
N30121,1045
N37191,1046
N43901,1047
N59588,1048
N29495,1049
N20522,1050
N1730,1051
N23737,1052
N55742,1053
N46818,1054
N30764,1055
N12810,1056
N49170,1057
N47791,1058
N41918,1059
N16443,1060
N33263,1061
N22734,1062
N65172,1063
N37867,1064
N60946,1065
N58801,1066
N25019,1067
N40376,1068
N15797,1069
N18369,1070
N64963,1071
N20798,1072
N54278,1073
N55687,1074
N20360,1075
N53889,1076
N51983,1077
N40442,1078
N6002,1079
N12219,1080
N42986,1081
N44423,1082
N30878,1083
N1345,1084
N9317,1085
N63991,1086
N23258,1087
N44077,1088
N47407,1089
N32830,1090
N55055,1091
N27940,1092
N59451,1093
N62859,1094
N64906,1095
N47189,1096
N15454,1097
N1766,1098
N58871,1099
N3398,1100
N51076,1101
N35021,1102
N31191,1103
N59754,1104
N51226,1105
N2745,1106
N18893,1107
N53354,1108
N39911,1109
N39235,1110
N228,1111
N13925,1112
N10928,1113
N12676,1114
N11745,1115
N18730,1116
N40254,1117
N40448,1118
N52555,1119
N19833,1120
N54730,1121
N12900,1122
N51293,1123
N44251,1124
N39561,1125
N45589,1126
N21337,1127
N9080,1128
N34271,1129
N42458,1130
N21771,1131
N5266,1132
N15695,1133
N12506,1134
N40791,1135
N49926,1136
N59496,1137
N64032,1138
N56778,1139
N8002,1140
N64505,1141
N28115,1142
N36445,1143
N31304,1144
N28828,1145
N18848,1146
N57997,1147
N57967,1148
N48998,1149
N18285,1150
N9319,1151
N43961,1152
N47780,1153
N51992,1154
N58332,1155
N19678,1156
N24830,1157
N49640,1158
N58309,1159
N39258,1160
N15122,1161
N33969,1162
N8831,1163
N41840,1164
N31262,1165
N63499,1166
N45335,1167
N39192,1168
N16378,1169
N49838,1170
N19495,1171
N52307,1172
N44579,1173
N34047,1174
N30665,1175
N20284,1176
N39670,1177
N59873,1178
N60894,1179
N19760,1180
N44018,1181
N29499,1182
N24002,1183
N11701,1184
N6424,1185
N44495,1186
N46527,1187
N38826,1188
N31927,1189
N31138,1190
N28801,1191
N55043,1192
N8844,1193
N32874,1194
N35452,1195
N19429,1196
N6778,1197
N24409,1198
N14908,1199
N5629,1200
N34947,1201
N11282,1202
N18881,1203
N32545,1204
N9172,1205
N35802,1206
N26642,1207
N65123,1208
N60050,1209
N20649,1210
N27377,1211
N16304,1212
N38298,1213
N18094,1214
N10347,1215
N12194,1216
N43391,1217
N5905,1218
N8200,1219
N2309,1220
N27468,1221
N48715,1222
N18360,1223
N43195,1224
N24673,1225
N61826,1226
N22479,1227
N58619,1228
N27096,1229
N46990,1230
N39638,1231
N51942,1232
N9554,1233
N24237,1234
N26250,1235
N20057,1236
N60585,1237
N31882,1238
N61898,1239
N32852,1240
N61210,1241
N14376,1242
N5261,1243
N16284,1244
N167,1245
N43202,1246
N3566,1247
N13636,1248
N51906,1249
N54397,1250
N62391,1251
N3547,1252
N63875,1253
N5163,1254
N30708,1255
N41954,1256
N16260,1257
N59026,1258
N2186,1259
N40704,1260
N1825,1261
N54435,1262
N22161,1263
N7080,1264
N36780,1265
N56240,1266
N54225,1267
N13710,1268
N60611,1269
N61940,1270
N13081,1271
N943,1272
N43846,1273
N54536,1274
N57187,1275
N35790,1276
N2678,1277
N59774,1278
N56853,1279
N63248,1280
N10340,1281
N59469,1282
N36593,1283
N30827,1284
N6576,1285
N62285,1286
N11163,1287
N50258,1288
N58091,1289
N30974,1290
N21019,1291
N21389,1292
N12709,1293
N50479,1294
N22614,1295
N25158,1296
N30103,1297
N42791,1298
N58744,1299
N54449,1300
N47922,1301
N55051,1302
N64554,1303
N13912,1304
N2183,1305
N13225,1306
N57318,1307
N40526,1308
N53118,1309
N56444,1310
N56290,1311
N6285,1312
N43374,1313
N19874,1314
N41298,1315
N43595,1316
N51457,1317
N51503,1318
N2018,1319
N12785,1320
N56438,1321
N8237,1322
N61972,1323
N31099,1324
N2078,1325
N64983,1326
N31802,1327
N29561,1328
N22627,1329
N16344,1330
N58642,1331
N50155,1332
N16695,1333
N62248,1334
N8667,1335
N15394,1336
N31061,1337
N48240,1338
N2224,1339
N51376,1340
N14246,1341
N35923,1342
N62258,1343
N36086,1344
N36707,1345
N47823,1346
N17354,1347
N26531,1348
N16215,1349
N29849,1350
N57147,1351
N47069,1352
N64952,1353
N8391,1354
N52109,1355
N32299,1356
N30847,1357
N43369,1358
N63221,1359
N65219,1360
N39647,1361
N39584,1362
N32187,1363
N29316,1364
N63740,1365
N2234,1366
N42208,1367
N20742,1368
N57537,1369
N50890,1370
N7203,1371
N61598,1372
N42946,1373
N34595,1374
N49513,1375
N29197,1376
N13361,1377
N60333,1378
N24131,1379
N63054,1380
N41433,1381
N50467,1382
N61018,1383
N46194,1384
N36030,1385
N45896,1386
N33704,1387
N26119,1388
N57783,1389
N28144,1390
N49528,1391
N16513,1392
N54826,1393
N57109,1394
N25732,1395
N46909,1396
N42664,1397
N3124,1398
N42359,1399
N29851,1400
N59691,1401
N3471,1402
N28425,1403
N35,1404
N1506,1405
N64706,1406
N3388,1407
N39084,1408
N28058,1409
N9012,1410
N40809,1411
N45909,1412
N45954,1413
N40467,1414
N33389,1415
N53385,1416
N38562,1417
N30374,1418
N15587,1419
N42358,1420
N31111,1421
N13400,1422
N17764,1423
N49495,1424
N62940,1425
N47309,1426
N44109,1427
N26504,1428
N17032,1429
N54655,1430
N17542,1431
N60826,1432
N3086,1433
N23035,1434
N56596,1435
N45199,1436
N45433,1437
N7132,1438
N50837,1439
N63272,1440
N41896,1441
N57340,1442
N15788,1443
N20004,1444
N64214,1445
N57987,1446
N39380,1447
N7172,1448
N52921,1449
N50580,1450
N34865,1451
N20567,1452
N10799,1453
N60858,1454
N62738,1455
N28862,1456
N22816,1457
N49519,1458
N2691,1459
N26567,1460
N54359,1461
N20830,1462
N49103,1463
N8569,1464
N13893,1465
N64541,1466
N47737,1467
N60604,1468
N57140,1469
N54571,1470
N39838,1471
N21136,1472
N11071,1473
N12859,1474
N49792,1475
N12733,1476
N8316,1477
N17953,1478
N16317,1479
N2994,1480
N55108,1481
N53526,1482
N18012,1483
N21383,1484
N64777,1485
N2665,1486
N46987,1487
N32089,1488
N14724,1489
N29940,1490
N36808,1491
N16451,1492
N40912,1493
N37156,1494
N30622,1495
N20483,1496
N7333,1497
N60669,1498
N25839,1499
N43917,1500
N5828,1501
N22519,1502
N22344,1503
N46372,1504
N37915,1505
N1080,1506
N42079,1507
N35295,1508
N9003,1509
N23864,1510
N55059,1511
N59118,1512
N23771,1513
N56461,1514
N4304,1515
N39041,1516
N41944,1517
N41665,1518
N8122,1519
N787,1520
N18873,1521
N15538,1522
N24441,1523
N28926,1524
N4526,1525
N12306,1526
N28711,1527
N26364,1528
N6376,1529
N44928,1530
N28324,1531
N22558,1532
N13797,1533
N37651,1534
N14302,1535
N31175,1536
N55714,1537
N31739,1538
N6072,1539
N63045,1540
N23979,1541
N35656,1542
N43353,1543
N1569,1544
N17686,1545
N48031,1546
N44383,1547
N23061,1548
N6244,1549
N45099,1550
N59049,1551
N7023,1552
N50528,1553
N42704,1554
N8275,1555
N15710,1556
N8429,1557
N19709,1558
N31402,1559
N31741,1560
N54889,1561
N62612,1562
N2663,1563
N6087,1564
N63317,1565
N51163,1566
N34567,1567
N55833,1568
N3142,1569
N29802,1570
N44462,1571
N29948,1572
N5398,1573
N65112,1574
N31699,1575
N37159,1576
N61101,1577
N3433,1578
N10438,1579
N61355,1580
N21164,1581
N22976,1582
N48390,1583
N58224,1584
N24611,1585
N21773,1586
N41011,1587
N19041,1588
N4099,1589
N53636,1590
N58936,1591
N7714,1592
N6167,1593
N7442,1594
N64742,1595
N55805,1596
N21117,1597
N38824,1598
N61432,1599
N32893,1600
N28081,1601
N31896,1602
N3508,1603
N38659,1604
N34522,1605
N64185,1606
N62904,1607
N27094,1608
N48038,1609
N47558,1610
N19630,1611
N31193,1612
N32020,1613
N59053,1614
N2805,1615
N64775,1616
N51299,1617
N43524,1618
N21177,1619
N20592,1620
N5663,1621
N17990,1622
N17966,1623
N56486,1624
N53531,1625
N43175,1626
N57789,1627
N32402,1628
N50671,1629
N34920,1630
N5521,1631
N8201,1632
N53596,1633
N61535,1634
N60714,1635
N40640,1636
N28359,1637
N30190,1638
N2937,1639
N32748,1640
N60713,1641
N57239,1642
N37897,1643
N60702,1644
N25078,1645
N52136,1646
N62211,1647
N42330,1648
N14938,1649
N62306,1650
N61880,1651
N10073,1652
N20020,1653
N16566,1654
N45354,1655
N5696,1656
N19048,1657
N3046,1658
N16870,1659
N18680,1660
N60028,1661
N5607,1662
N44110,1663
N39221,1664
N13140,1665
N50456,1666
N49972,1667
N43627,1668
N13168,1669
N58200,1670
N58733,1671
N12215,1672
N26201,1673
N32310,1674
N5325,1675
N63779,1676
N51798,1677
N8277,1678
N57368,1679
N54980,1680
N59484,1681
N9660,1682
N52782,1683
N1322,1684
N54834,1685
N732,1686
N17887,1687
N279,1688
N12608,1689
N30295,1690
N22545,1691
N33571,1692
N4614,1693
N56446,1694
N32208,1695
N61813,1696
N62209,1697
N28624,1698
N27526,1699
N55064,1700
N60956,1701
N21899,1702
N51810,1703
N17933,1704
N18049,1705
N31204,1706
N57801,1707
N64955,1708
N48135,1709
N46647,1710
N14114,1711
N36896,1712
N6523,1713
N14842,1714
N39421,1715
N986,1716
N52263,1717
N33304,1718
N2980,1719
N8584,1720
N31826,1721
N11070,1722
N48564,1723
N59395,1724
N51434,1725
N12103,1726
N31857,1727
N64631,1728
N62661,1729
N40207,1730
N46026,1731
N16308,1732
N54005,1733
N21145,1734
N55039,1735
N50074,1736
N51167,1737
N4567,1738
N5011,1739
N23193,1740
N40496,1741
N22787,1742
N58383,1743
N46065,1744
N43818,1745
N1850,1746
N19565,1747
N54841,1748
N2645,1749
N50564,1750
N2363,1751
N39333,1752
N64371,1753
N30792,1754
N13894,1755
N54073,1756
N17118,1757
N38687,1758
N45445,1759
N4866,1760
N31181,1761
N46962,1762
N9685,1763
N6218,1764
N10359,1765
N27103,1766
N40772,1767
N9151,1768
N57595,1769
N42288,1770
N49568,1771
N21862,1772
N6346,1773
N38182,1774
N48224,1775
N47557,1776
N55897,1777
N42782,1778
N18445,1779
N27142,1780
N18536,1781
N58615,1782
N7606,1783
N16111,1784
N8042,1785
N13853,1786
N17378,1787
N47143,1788
N24048,1789
N49699,1790
N47232,1791
N18693,1792
N26503,1793
N29874,1794
N18642,1795
N32836,1796
N51184,1797
N43446,1798
N37934,1799
N11851,1800
N27151,1801
N12047,1802
N55167,1803
N2912,1804
N17166,1805
N35004,1806
N42864,1807
N32555,1808
N15919,1809
N11917,1810
N2153,1811
N55312,1812
N41420,1813
N35259,1814
N34124,1815
N37720,1816
N29924,1817
N64049,1818
N26122,1819
N20091,1820
N391,1821
N53436,1822
N5887,1823
N49179,1824
N45994,1825
N58580,1826
N61797,1827
N20975,1828
N24517,1829
N47722,1830
N15415,1831
N3680,1832
N9155,1833
N39101,1834
N32742,1835
N23305,1836
N18503,1837
N8419,1838
N15771,1839
N1431,1840
N5888,1841
N18663,1842
N24123,1843
N22130,1844
N20286,1845
N32095,1846
N46868,1847
N55310,1848
N31931,1849
N64562,1850
N23887,1851
N30531,1852
N60388,1853
N157,1854
N47482,1855
N2606,1856
N20886,1857
N47054,1858
N20475,1859
N21265,1860
N58722,1861
N62931,1862
N52545,1863
N32808,1864
N29529,1865
N44955,1866
N63920,1867
N17907,1868
N49436,1869
N37859,1870
N50905,1871
N962,1872
N40555,1873
N15761,1874
N30737,1875
N6932,1876
N56843,1877
N13404,1878
N11273,1879
N54360,1880
N58075,1881
N41089,1882
N3577,1883
N18086,1884
N11727,1885
N7499,1886
N34934,1887
N20109,1888
N63180,1889
N60850,1890
N59254,1891
N6750,1892
N21720,1893
N27919,1894
N61186,1895
N38495,1896
N42570,1897
N17681,1898
N32268,1899
N45729,1900
N31825,1901
N51891,1902
N36517,1903
N19644,1904
N58067,1905
N28952,1906
N37844,1907
N17211,1908
N1954,1909
N23912,1910
N30738,1911
N36722,1912
N25003,1913
N59090,1914
N51057,1915
N39816,1916
N35009,1917
N13505,1918
N10099,1919
N53125,1920
N54253,1921
N31737,1922
N59506,1923
N22990,1924
N43265,1925
N38176,1926
N21510,1927
N60949,1928
N33458,1929
N40874,1930
N15218,1931
N23620,1932
N23986,1933
N63405,1934
N50538,1935
N20121,1936
N18242,1937
N32098,1938
N44547,1939
N53538,1940
N8619,1941
N24691,1942
N23136,1943
N50455,1944
N54267,1945
N4804,1946
N15444,1947
N51136,1948
N4355,1949
N49531,1950
N5861,1951
N49223,1952
N15848,1953
N35395,1954
N33200,1955
N63314,1956
N26398,1957
N24294,1958
N22052,1959
N50578,1960
N21559,1961
N58891,1962
N28236,1963
N35519,1964
N12575,1965
N61534,1966
N7738,1967
N13508,1968
N56566,1969
N9641,1970
N32867,1971
N11042,1972
N1267,1973
N28538,1974
N15337,1975
N48553,1976
N30114,1977
N46280,1978
N17102,1979
N2258,1980
N43761,1981
N49731,1982
N59763,1983
N14548,1984
N61114,1985
N55727,1986
N56922,1987
N36230,1988
N1208,1989
N53973,1990
N58783,1991
N11477,1992
N32971,1993
N12755,1994
N14580,1995
N40493,1996
N2576,1997
N20259,1998
N13362,1999
N34904,2000
N41439,2001
N45093,2002
N10749,2003
N13569,2004
N29453,2005
N7780,2006
N48888,2007
N27491,2008
N33764,2009
N35409,2010
N38546,2011
N3149,2012
N41156,2013
N35624,2014
N29955,2015
N62875,2016
N57278,2017
N43673,2018
N42291,2019
N26683,2020
N52506,2021
N38155,2022
N63167,2023
N63469,2024
N46011,2025
N41589,2026
N34152,2027
N45330,2028
N20547,2029
N19386,2030
N63582,2031
N62231,2032
N2679,2033
N47655,2034
N64163,2035
N9114,2036
N10156,2037
N34113,2038
N28812,2039
N11345,2040
N5418,2041
N44357,2042
N58731,2043
N35305,2044
N28320,2045
N9537,2046
N62268,2047
N14512,2048
N3900,2049
N57238,2050
N60670,2051
N8170,2052
N28858,2053
N11831,2054
N37764,2055
N14296,2056
N39289,2057
N44402,2058
N21777,2059
N35017,2060
N13304,2061
N64826,2062
N61471,2063
N6869,2064
N3850,2065
N39665,2066
N27320,2067
N29395,2068
N17279,2069
N49175,2070
N3111,2071
N37802,2072
N53275,2073
N52761,2074
N32004,2075
N26213,2076
N54283,2077
N11484,2078
N57005,2079
N39074,2080
N14343,2081
N32607,2082
N32320,2083
N22007,2084
N442,2085
N19001,2086
N51188,2087
N22772,2088
N12603,2089
N19741,2090
N35820,2091
N15545,2092
N27529,2093
N15414,2094
N21395,2095
N39941,2096
N10824,2097
N42512,2098
N58521,2099
N62846,2100
N2142,2101
N17099,2102
N11804,2103
N52121,2104
N41308,2105
N45020,2106
N22544,2107
N61106,2108
N44940,2109
N52097,2110
N21098,2111
N27012,2112
N54581,2113
N57582,2114
N56456,2115
N18004,2116
N61455,2117
N5183,2118
N28455,2119
N6655,2120
N12665,2121
N35410,2122
N27759,2123
N21751,2124
N57288,2125
N30030,2126
N53482,2127
N63895,2128
N7898,2129
N30022,2130
N38039,2131
N57908,2132
N43798,2133
N51377,2134
N7328,2135
N38629,2136
N56426,2137
N36565,2138
N30710,2139
N43854,2140
N41229,2141
N31983,2142
N62429,2143
N58061,2144
N61131,2145
N24127,2146
N34955,2147
N42289,2148
N52116,2149
N7242,2150
N63332,2151
N46504,2152
N61211,2153
N39634,2154
N34172,2155
N29451,2156
N34669,2157
N42801,2158
N47090,2159
N8401,2160
N51692,2161
N31709,2162
N44796,2163
N41225,2164
N9364,2165
N39520,2166
N48000,2167
N28463,2168
N54960,2169
N33170,2170
N1167,2171
N23718,2172
N8331,2173
N6461,2174
N33337,2175
N22273,2176
N19435,2177
N47996,2178
N61126,2179
N13117,2180
N16160,2181
N20342,2182
N47508,2183
N33163,2184
N15297,2185
N43495,2186
N25582,2187
N40817,2188
N10867,2189
N56011,2190
N28879,2191
N54490,2192
N3727,2193
N60903,2194
N13537,2195
N28487,2196
N9070,2197
N24724,2198
N10336,2199
N44947,2200
N1088,2201
N40427,2202
N53580,2203
N7046,2204
N40977,2205
N42281,2206
N54974,2207
N18951,2208
N13866,2209
N42025,2210
N40138,2211
N7981,2212
N64129,2213
N19280,2214
N30110,2215
N30077,2216
N52206,2217
N6506,2218
N11726,2219
N63539,2220
N39495,2221
N22097,2222
N58113,2223
N28803,2224
N25762,2225
N23911,2226
N18321,2227
N53037,2228
N60291,2229
N30589,2230
N12972,2231
N44732,2232
N8549,2233
N45388,2234
N14238,2235
N28467,2236
N770,2237
N20933,2238
N36229,2239
N51147,2240
N21628,2241
N33622,2242
N6231,2243
N40545,2244
N61319,2245
N46354,2246
N28660,2247
N29819,2248
N9460,2249
N53052,2250
N27106,2251
N14662,2252
N14972,2253
N27644,2254
N50343,2255
N38821,2256
N1455,2257
N4524,2258
N62545,2259
N8160,2260
N63642,2261
N31820,2262
N50015,2263
N44007,2264
N60936,2265
N10671,2266
N11673,2267
N58625,2268
N50049,2269
N51464,2270
N52692,2271
N51616,2272
N42583,2273
N33771,2274
N35554,2275
N14588,2276
N6785,2277
N8285,2278
N22032,2279
N17371,2280
N2735,2281
N2052,2282
N58601,2283
N30450,2284
N11386,2285
N6713,2286
N313,2287
N58006,2288
N53617,2289
N44429,2290
N18519,2291
N32872,2292
N61763,2293
N29694,2294
N20323,2295
N22525,2296
N9984,2297
N40107,2298
N28583,2299
N65046,2300
N25889,2301
N12353,2302
N56003,2303
N46128,2304
N53963,2305
N33103,2306
N56224,2307
N5187,2308
N16865,2309
N25634,2310
N46333,2311
N14387,2312
N14558,2313
N46439,2314
N41256,2315
N19643,2316
N16109,2317
N20295,2318
N52707,2319
N43983,2320
N3818,2321
N12341,2322
N6023,2323
N16765,2324
N10512,2325
N13923,2326
N7111,2327
N30858,2328
N17254,2329
N50324,2330
N7044,2331
N61883,2332
N6253,2333
N1637,2334
N14218,2335
N60418,2336
N47319,2337
N708,2338
N62290,2339
N10364,2340
N28701,2341
N45846,2342
N60077,2343
N6792,2344
N46440,2345
N11480,2346
N60938,2347
N50805,2348
N49229,2349
N34722,2350
N24812,2351
N6722,2352
N63633,2353
N49903,2354
N12661,2355
N9521,2356
N10896,2357
N46151,2358
N37014,2359
N12860,2360
N57510,2361
N21005,2362
N12161,2363
N13978,2364
N45325,2365
N5495,2366
N24013,2367
N60729,2368
N19628,2369
N54320,2370
N59748,2371
N39376,2372
N36650,2373
N10331,2374
N48286,2375
N17496,2376
N49128,2377
N65033,2378
N21538,2379
N50069,2380
N60627,2381
N20996,2382
N9453,2383
N42278,2384
N3940,2385
N55922,2386
N51420,2387
N40242,2388
N10836,2389
N38127,2390
N37349,2391
N39302,2392
N43213,2393
N10346,2394
N47328,2395
N36788,2396
N52830,2397
N38655,2398
N56918,2399
N12207,2400
N44470,2401
N7008,2402
N28171,2403
N41588,2404
N63515,2405
N29613,2406
N27604,2407
N13418,2408
N61894,2409
N43831,2410
N138,2411
N10520,2412
N24795,2413
N62767,2414
N38354,2415
N10136,2416
N42252,2417
N39438,2418
N57485,2419
N24252,2420
N43298,2421
N23115,2422
N54043,2423
N26165,2424
N54470,2425
N64241,2426
N60912,2427
N59912,2428
N54096,2429
N16367,2430
N18643,2431
N5003,2432
N31303,2433
N29854,2434
N28020,2435
N30228,2436
N58536,2437
N5360,2438
N63074,2439
N30802,2440
N33630,2441
N30996,2442
N16437,2443
N2748,2444
N3936,2445
N19506,2446
N147,2447
N59258,2448
N25687,2449
N55507,2450
N56032,2451
N58011,2452
N21342,2453
N39187,2454
N58649,2455
N62590,2456
N54287,2457
N16790,2458
N37262,2459
N2621,2460
N55558,2461
N22261,2462
N19043,2463
N11929,2464
N2886,2465
N37083,2466
N27235,2467
N39762,2468
N1258,2469
N24492,2470
N52303,2471
N32035,2472
N36888,2473
N53901,2474
N18378,2475
N23113,2476
N24422,2477
N25287,2478
N39121,2479
N41777,2480
N119,2481
N33727,2482
N45189,2483
N13480,2484
N14167,2485
N53494,2486
N26040,2487
N51458,2488
N48222,2489
N3812,2490
N59289,2491
N16541,2492
N35488,2493
N55141,2494
N7534,2495
N48423,2496
N18939,2497
N41832,2498
N63411,2499
N2533,2500
N50748,2501
N52631,2502
N5092,2503
N49689,2504
N13057,2505
N56638,2506
N4885,2507
N58997,2508
N25604,2509
N13286,2510
N24578,2511
N4693,2512
N57528,2513
N28149,2514
N52145,2515
N11405,2516
N49526,2517
N43608,2518
N22260,2519
N27023,2520
N8959,2521
N63658,2522
N16710,2523
N10888,2524
N53428,2525
N8519,2526
N4654,2527
N872,2528
N56460,2529
N46033,2530
N19079,2531
N6441,2532
N31225,2533
N55576,2534
N16384,2535
N11821,2536
N37075,2537
N27642,2538
N28614,2539
N55689,2540
N35729,2541
N20678,2542
N39317,2543
N58114,2544
N20495,2545
N42977,2546
N22407,2547
N14592,2548
N17059,2549
N33677,2550
N7821,2551
N6890,2552
N50014,2553
N23877,2554
N35389,2555
N49712,2556
N16844,2557
N59685,2558
N23814,2559
N23446,2560
N64174,2561
N11817,2562
N60550,2563
N48225,2564
N45509,2565
N56711,2566
N46821,2567
N48017,2568
N8015,2569
N5364,2570
N48722,2571
N55555,2572
N37348,2573
N40109,2574
N59495,2575
N36226,2576
N38779,2577
N47346,2578
N48875,2579
N10960,2580
N29739,2581
N50872,2582
N50592,2583
N13131,2584
N3839,2585
N12330,2586
N47098,2587
N51570,2588
N33632,2589
N49685,2590
N27581,2591
N39985,2592
N36050,2593
N16096,2594
N8400,2595
N60408,2596
N61497,2597
N47412,2598
N41220,2599
N1940,2600
N724,2601
N11363,2602
N261,2603
N33883,2604
N36807,2605
N11967,2606
N17896,2607
N13486,2608
N10413,2609
N54274,2610
N4247,2611
N27497,2612
N38512,2613
N30253,2614
N45389,2615
N20015,2616
N54003,2617
N35850,2618
N33261,2619
N32010,2620
N57426,2621
N7419,2622
N50023,2623
N36446,2624
N26940,2625
N28495,2626
N19318,2627
N4936,2628
N28414,2629
N25108,2630
N32791,2631
N23563,2632
N16166,2633
N37058,2634
N64851,2635
N46992,2636
N57327,2637
N12995,2638
N58363,2639
N53084,2640
N11094,2641
N36436,2642
N305,2643
N58241,2644
N33212,2645
N6975,2646
N3344,2647
N25406,2648
N4741,2649
N33885,2650
N20915,2651
N44941,2652
N57319,2653
N36532,2654
N61822,2655
N20527,2656
N21119,2657
N53696,2658
N33619,2659
N25722,2660
N2869,2661
N51346,2662
N33848,2663
N15132,2664
N10688,2665
N6342,2666
N61359,2667
N7809,2668
N64397,2669
N27079,2670
N47149,2671
N39844,2672
N52585,2673
N58572,2674
N15830,2675
N41774,2676
N3697,2677
N33964,2678
N54988,2679
N47229,2680
N9271,2681
N63550,2682
N40530,2683
N14652,2684
N51896,2685
N57385,2686
N49375,2687
N21882,2688
N14780,2689
N58030,2690
N30108,2691
N26286,2692
N9139,2693
N21707,2694
N45456,2695
N45616,2696
N47747,2697
N36712,2698
N26331,2699
N46882,2700
N41881,2701
N43432,2702
N26130,2703
N3541,2704
N18708,2705
N12800,2706
N44818,2707
N6379,2708
N49777,2709
N2952,2710
N61549,2711
N63273,2712
N42144,2713
N3474,2714
N58710,2715
N24180,2716
N6099,2717
N35738,2718
N55204,2719
N46845,2720
N41172,2721
N5370,2722
N63319,2723
N39587,2724
N13816,2725
N13259,2726
N8061,2727
N51241,2728
N20811,2729
N51587,2730
N35737,2731
N22664,2732
N12028,2733
N20018,2734
N22442,2735
N53237,2736
N15260,2737
N53054,2738
N41578,2739
N58499,2740
N29715,2741
N40431,2742
N23254,2743
N23174,2744
N1914,2745
N10464,2746
N154,2747
N5075,2748
N36621,2749
N28983,2750
N56598,2751
N40065,2752
N36933,2753
N40725,2754
N29128,2755
N15855,2756
N21519,2757
N18698,2758
N24176,2759
N42961,2760
N53044,2761
N60272,2762
N61623,2763
N57713,2764
N14713,2765
N47067,2766
N29001,2767
N46751,2768
N32087,2769
N2,2770
N56517,2771
N32387,2772
N9240,2773
N7754,2774
N54482,2775
N26376,2776
N8957,2777
N53214,2778
N3894,2779
N35272,2780
N48890,2781
N43299,2782
N59436,2783
N62688,2784
N63538,2785
N555,2786
N47981,2787
N58410,2788
N25587,2789
N20954,2790
N59343,2791
N45723,2792
N43789,2793
N52622,2794
N46878,2795
N39461,2796
N12280,2797
N30172,2798
N43502,2799
N6926,2800
N23081,2801
N24686,2802
N24550,2803
N45660,2804
N25437,2805
N22457,2806
N45270,2807
N43415,2808
N36545,2809
N7474,2810
N60872,2811
N36741,2812
N3506,2813
N46029,2814
N7128,2815
N59981,2816
N10754,2817
N64542,2818
N21840,2819
N43338,2820
N62212,2821
N24898,2822
N12029,2823
N13579,2824
N11087,2825
N51048,2826
N64094,2827
N13907,2828
N39010,2829
N53585,2830
N47572,2831
N45523,2832
N64560,2833
N53245,2834
N8509,2835
N51951,2836
N37185,2837
N7901,2838
N26220,2839
N45590,2840
N61296,2841
N61811,2842
N51853,2843
N38483,2844
N12606,2845
N57451,2846
N36626,2847
N2578,2848
N38442,2849
N39399,2850
N46159,2851
N62395,2852
N47624,2853
N25165,2854
N23184,2855
N47205,2856
N27789,2857
N32641,2858
N40559,2859
N54291,2860
N36249,2861
N50107,2862
N34600,2863
N4510,2864
N18553,2865
N52520,2866
N64685,2867
N49180,2868
N55712,2869
N20240,2870
N36689,2871
N6477,2872
N31050,2873
N7873,2874
N19647,2875
N9623,2876
N7476,2877
N61787,2878
N3123,2879
N2957,2880
N47151,2881
N14547,2882
N9720,2883
N64606,2884
N40130,2885
N5048,2886
N27192,2887
N43522,2888
N50754,2889
N48340,2890
N44698,2891
N35393,2892
N48064,2893
N18850,2894
N55548,2895
N47248,2896
N34048,2897
N32519,2898
N2787,2899
N35387,2900
N38652,2901
N3418,2902
N21701,2903
N2046,2904
N13657,2905
N31679,2906
N39389,2907
N64096,2908
N18059,2909
N26944,2910
N53960,2911
N496,2912
N61622,2913
N25949,2914
N64840,2915
N25160,2916
N13979,2917
N46923,2918
N42803,2919
N37020,2920
N706,2921
N999,2922
N33240,2923
N38311,2924
N64721,2925
N3167,2926
N28767,2927
N48705,2928
N49956,2929
N63796,2930
N47006,2931
N61852,2932
N8657,2933
N40676,2934
N57034,2935
N60619,2936
N22750,2937
N64258,2938
N4807,2939
N41387,2940
N35989,2941
N57591,2942
N53296,2943
N20770,2944
N20428,2945
N43670,2946
N7112,2947
N19915,2948
N23749,2949
N51489,2950
N37774,2951
N36252,2952
N10812,2953
N8242,2954
N62894,2955
N56777,2956
N4066,2957
N30550,2958
N4642,2959
N15307,2960
N30071,2961
N51194,2962
N6216,2963
N17529,2964
N47231,2965
N30035,2966
N50490,2967
N23805,2968
N27476,2969
N32567,2970
N32425,2971
N10840,2972
N32798,2973
N54752,2974
N53861,2975
N3431,2976
N12446,2977
N38023,2978
N35131,2979
N1539,2980
N54348,2981
N6866,2982
N33576,2983
N19376,2984
N11940,2985
N33831,2986
N64446,2987
N61588,2988
N44342,2989
N63174,2990
N62933,2991
N29212,2992
N12020,2993
N33120,2994
N23134,2995
N48613,2996
N48832,2997
N14170,2998
N17865,2999
N51133,3000
N23162,3001
N47748,3002
N3038,3003
N58573,3004
N23189,3005
N43460,3006
N59022,3007
N58836,3008
N64691,3009
N5930,3010
N11796,3011
N20356,3012
N61408,3013
N15811,3014
N22880,3015
N29517,3016
N15269,3017
N58133,3018
N46477,3019
N20824,3020
N42860,3021
N19195,3022
N21712,3023
N12124,3024
N59385,3025
N36624,3026
N56051,3027
N39446,3028
N37908,3029
N54501,3030
N9135,3031
N49498,3032
N30085,3033
N59673,3034
N34876,3035
N53470,3036
N47061,3037
N4913,3038
N35233,3039
N26795,3040
N28213,3041
N287,3042
N21420,3043
N22417,3044
N25138,3045
N61214,3046
N62570,3047
N40071,3048
N48606,3049
N10169,3050
N54300,3051
N30188,3052
N43073,3053
N46309,3054
N62599,3055
N53318,3056
N53111,3057
N56193,3058
N22549,3059
N61320,3060
N42965,3061
N32144,3062
N37833,3063
N57090,3064
N9475,3065
N54038,3066
N4912,3067
N27473,3068
N47035,3069
N35937,3070
N36703,3071
N56774,3072
N50469,3073
N58549,3074
N11830,3075
N25414,3076
N28047,3077
N14531,3078
N40300,3079
N49030,3080
N61006,3081
N37204,3082
N36612,3083
N37673,3084
N17031,3085
N21077,3086
N55943,3087
N8373,3088
N18529,3089
N24109,3090
N38733,3091
N25966,3092
N59267,3093
N16439,3094
N6837,3095
N57081,3096
N29735,3097
N9944,3098
N64305,3099
N32759,3100
N59951,3101
N29468,3102
N14726,3103
N18887,3104
N45704,3105
N52662,3106
N27601,3107
N46607,3108
N25624,3109
N27289,3110
N50389,3111
N166,3112
N11511,3113
N7121,3114
N37320,3115
N30920,3116
N27560,3117
N55065,3118
N61404,3119
N18947,3120
N13974,3121
N51255,3122
N36186,3123
N49556,3124
N33005,3125
N62920,3126
N38309,3127
N60932,3128
N15506,3129
N50415,3130
N2823,3131
N44422,3132
N51808,3133
N28357,3134
N36516,3135
N25088,3136
N55132,3137
N30475,3138
N31978,3139
N64745,3140
N26262,3141
N20178,3142
N23590,3143
N62386,3144
N2169,3145
N51954,3146
N19542,3147
N31763,3148
N57853,3149
N59407,3150
N7041,3151
N1604,3152
N1034,3153
N64916,3154
N61145,3155
N14520,3156
N39758,3157
N57097,3158
N61022,3159
N55353,3160
N26706,3161
N48657,3162
N38783,3163
N50005,3164
N28382,3165
N54161,3166
N53302,3167
N46972,3168
N49879,3169
N28668,3170
N16280,3171
N58020,3172
N29017,3173
N1920,3174
N43083,3175
N53431,3176
N52446,3177
N29840,3178
N53008,3179
N33872,3180
N43528,3181
N5791,3182
N10969,3183
N57030,3184
N35907,3185
N28773,3186
N16043,3187
N41842,3188
N5288,3189
N12042,3190
N17104,3191
N47401,3192
N49252,3193
N43309,3194
N56227,3195
N12325,3196
N63646,3197
N58885,3198
N4295,3199
N29696,3200
N4663,3201
N36273,3202
N26607,3203
N10804,3204
N28578,3205
N57527,3206
N55411,3207
N12430,3208
N46258,3209
N30135,3210
N35388,3211
N8922,3212
N13051,3213
N36509,3214
N27441,3215
N41698,3216
N56061,3217
N52683,3218
N7535,3219
N50314,3220
N33985,3221
N62093,3222
N25623,3223
N58553,3224
N22371,3225
N5783,3226
N28091,3227
N28204,3228
N21309,3229
N23935,3230
N56278,3231
N40356,3232
N28947,3233
N13341,3234
N37870,3235
N37332,3236
N18613,3237
N15435,3238
N31273,3239
N34930,3240
N24821,3241
N25212,3242
N15020,3243
N5171,3244
N30529,3245
N44324,3246
N12831,3247
N8555,3248
N21758,3249
N18405,3250
N30184,3251
N13369,3252
N209,3253
N9158,3254
N53343,3255
N47889,3256
N54595,3257
N35106,3258
N50575,3259
N61688,3260
N62729,3261
N47851,3262
N47099,3263
N6819,3264
N20224,3265
N52600,3266
N18340,3267
N54868,3268
N26952,3269
N36964,3270
N47235,3271
N23085,3272
N29218,3273
N51169,3274
N29069,3275
N19099,3276
N34099,3277
N48510,3278
N31041,3279
N26084,3280
N17482,3281
N16809,3282
N31037,3283
N42266,3284
N30989,3285
N31370,3286
N22942,3287
N29839,3288
N195,3289
N11483,3290
N62804,3291
N48350,3292
N42614,3293
N5043,3294
N29196,3295
N44737,3296
N48578,3297
N5497,3298
N33347,3299
N45561,3300
N37250,3301
N48759,3302
N3392,3303
N990,3304
N27143,3305
N241,3306
N61742,3307
N9652,3308
N63958,3309
N55645,3310
N52203,3311
N62667,3312
N21915,3313
N3992,3314
N23060,3315
N17340,3316
N1774,3317
N26025,3318
N61760,3319
N53443,3320
N16314,3321
N49483,3322
N6066,3323
N32381,3324
N59761,3325
N36184,3326
N41929,3327
N52294,3328
N50601,3329
N16804,3330
N20746,3331
N7431,3332
N33501,3333
N23547,3334
N12839,3335
N3841,3336
N12377,3337
N64228,3338
N39949,3339
N43386,3340
N13930,3341
N33,3342
N50302,3343
N37793,3344
N26649,3345
N23008,3346
N62563,3347
N29536,3348
N28523,3349
N24458,3350
N42143,3351
N51187,3352
N18862,3353
N19592,3354
N61032,3355
N15719,3356
N33361,3357
N36660,3358
N15279,3359
N23824,3360
N22215,3361
N49001,3362
N48077,3363
N13471,3364
N29340,3365
N60186,3366
N36638,3367
N41165,3368
N103,3369
N11869,3370
N36016,3371
N42457,3372
N48407,3373
N13981,3374
N4156,3375
N31769,3376
N48410,3377
N3726,3378
N13005,3379
N15574,3380
N39683,3381
N36003,3382
N25444,3383
N62227,3384
N21037,3385
N58152,3386
N51195,3387
N49284,3388
N30648,3389
N65027,3390
N62318,3391
N61483,3392
N12627,3393
N60231,3394
N56211,3395
N20676,3396
N42670,3397
N56573,3398
N38215,3399
N5582,3400
N38869,3401
N35815,3402
N16931,3403
N39907,3404
N28962,3405
N22257,3406
N36182,3407
N50004,3408
N35094,3409
N42698,3410
N34185,3411
N9621,3412
N34668,3413
N31893,3414
N38404,3415
N6390,3416
N34869,3417
N23028,3418
N64543,3419
N62992,3420
N34492,3421
N58569,3422
N65202,3423
N59462,3424
N43445,3425
N46283,3426
N58660,3427
N52069,3428
N21297,3429
N53615,3430
N45317,3431
N4162,3432
N51553,3433
N19019,3434
N55275,3435
N20576,3436
N28072,3437
N6787,3438
N50619,3439
N10552,3440
N10616,3441
N32015,3442
N38490,3443
N53515,3444
N27845,3445
N60374,3446
N59852,3447
N51398,3448
N8929,3449
N11769,3450
N56548,3451
N19776,3452
N29553,3453
N8084,3454
N3957,3455
N27417,3456
N5652,3457
N55268,3458
N4404,3459
N47717,3460
N10746,3461
N18312,3462
N45742,3463
N60678,3464
N41612,3465
N7618,3466
N51287,3467
N44249,3468
N27869,3469
N31948,3470
N36266,3471
N26081,3472
N56214,3473
N35047,3474
N36261,3475
N52471,3476
N5597,3477
N52554,3478
N59186,3479
N64252,3480
N14029,3481
N37437,3482
N63106,3483
N4754,3484
N5146,3485
N44203,3486
N60456,3487
N37753,3488
N17759,3489
N61023,3490
N849,3491
N40003,3492
N32589,3493
N34579,3494
N26673,3495
N3663,3496
N62366,3497
N22320,3498
N55606,3499
N25881,3500
N41113,3501
N19444,3502
N6857,3503
N53886,3504
N43102,3505
N8687,3506
N60105,3507
N36789,3508
N11793,3509
N34998,3510
N14184,3511
N32182,3512
N60252,3513
N43519,3514
N62360,3515
N50675,3516
N48046,3517
N15315,3518
N21656,3519
N20069,3520
N24423,3521
N48019,3522
N31947,3523
N45890,3524
N7319,3525
N5516,3526
N41020,3527
N45551,3528
N13801,3529
N27521,3530
N50406,3531
N19735,3532
N45076,3533
N47433,3534
N41651,3535
N17011,3536
N1019,3537
N63817,3538
N4815,3539
N60162,3540
N55940,3541
N23485,3542
N4633,3543
N43748,3544
N37814,3545
N17140,3546
N27577,3547
N6375,3548
N25953,3549
N36442,3550
N47475,3551
N11301,3552
N7466,3553
N13730,3554
N24301,3555
N64243,3556
N64009,3557
N40318,3558
N48476,3559
N17106,3560
N38947,3561
N26712,3562
N49240,3563
N26902,3564
N61774,3565
N23326,3566
N58813,3567
N48063,3568
N50156,3569
N12731,3570
N30089,3571
N57565,3572
N6953,3573
N49279,3574
N44651,3575
N17069,3576
N31029,3577
N63970,3578
N42634,3579
N40839,3580
N57754,3581
N3930,3582
N13565,3583
N37088,3584
N52000,3585
N41178,3586
N16209,3587
N65088,3588
N24272,3589
N58051,3590
N32126,3591
N5442,3592
N39115,3593
N32437,3594
N65236,3595
N6693,3596
N22029,3597
N54125,3598
N32544,3599
N41354,3600
N52094,3601
N43266,3602
N44742,3603
N30518,3604
N45422,3605
N1785,3606
N22339,3607
N21741,3608
N36850,3609
N34110,3610
N55950,3611
N11269,3612
N40468,3613
N17586,3614
N64152,3615
N33755,3616
N20079,3617
N38508,3618
N26728,3619
N45499,3620
N26469,3621
N7136,3622
N27198,3623
N39774,3624
N22145,3625
N64184,3626
N4537,3627
N20394,3628
N54321,3629
N60539,3630
N18409,3631
N17231,3632
N37994,3633
N61233,3634
N47612,3635
N25491,3636
N45734,3637
N130,3638
N43277,3639
N9047,3640
N57032,3641
N6664,3642
N36725,3643
N3380,3644
N59501,3645
N28918,3646
N50471,3647
N4021,3648
N22978,3649
N1180,3650
N33828,3651
N52312,3652
N35773,3653
N6388,3654
N58345,3655
N27343,3656
N1228,3657
N48487,3658
N37338,3659
N4258,3660
N39015,3661
N17628,3662
N56142,3663
N26918,3664
N14056,3665
N18531,3666
N5695,3667
N9639,3668
N19050,3669
N23767,3670
N16118,3671
N9284,3672
N3415,3673
N44453,3674
N57818,3675
N47652,3676
N7494,3677
N27737,3678
N34436,3679
N31289,3680
N31053,3681
N61740,3682
N23089,3683
N52424,3684
N57311,3685
N41787,3686
N46452,3687
N61595,3688
N45428,3689
N55949,3690
N19661,3691
N61754,3692
N20793,3693
N12493,3694
N9473,3695
N42346,3696
N3232,3697
N29341,3698
N65185,3699
N47245,3700
N17965,3701
N288,3702
N43869,3703
N49707,3704
N9163,3705
N17252,3706
N61768,3707
N17117,3708
N41511,3709
N24376,3710
N21128,3711
N20036,3712
N35847,3713
N23414,3714
N38662,3715
N62128,3716
N45266,3717
N56243,3718
N453,3719
N44815,3720
N48025,3721
N28385,3722
N25049,3723
N42966,3724
N28188,3725
N16920,3726
N16533,3727
N53899,3728
N43992,3729
N49157,3730
N58015,3731
N30963,3732
N32691,3733
N14408,3734
N5587,3735
N3304,3736
N11827,3737
N4985,3738
N59713,3739
N51478,3740
N38888,3741
N47578,3742
N55083,3743
N25315,3744
N27245,3745
N60862,3746
N52773,3747
N16463,3748
N19092,3749
N57283,3750
N3243,3751
N18151,3752
N41432,3753
N55913,3754
N4975,3755
N20930,3756
N12537,3757
N42397,3758
N64968,3759
N29964,3760
N49491,3761
N28899,3762
N36221,3763
N48752,3764
N35958,3765
N50138,3766
N59317,3767
N35273,3768
N48920,3769
N38695,3770
N8559,3771
N8347,3772
N5213,3773
N20812,3774
N4428,3775
N9354,3776
N39342,3777
N25867,3778
N21216,3779
N9734,3780
N20076,3781
N25163,3782
N9719,3783
N834,3784
N35062,3785
N38159,3786
N64734,3787
N1644,3788
N59088,3789
N59272,3790
N31035,3791
N60992,3792
N23942,3793
N24457,3794
N53848,3795
N27437,3796
N52723,3797
N25324,3798
N28480,3799
N56355,3800
N52502,3801
N23429,3802
N2350,3803
N26049,3804
N37497,3805
N35336,3806
N52409,3807
N36659,3808
N49955,3809
N25791,3810
N44516,3811
N57809,3812
N42597,3813
N54489,3814
N13967,3815
N10642,3816
N6578,3817
N59214,3818
N1012,3819
N29133,3820
N36681,3821
N55489,3822
N27349,3823
N41224,3824
N17307,3825
N57651,3826
N50060,3827
N17115,3828
N11551,3829
N16419,3830
N59138,3831
N3745,3832
N14436,3833
N16777,3834
N48416,3835
N54491,3836
N64412,3837
N7670,3838
N27708,3839
N36865,3840
N349,3841
N3590,3842
N13580,3843
N11513,3844
N42028,3845
N25764,3846
N63697,3847
N61074,3848
N37377,3849
N56396,3850
N48015,3851
N37009,3852
N50329,3853
N20926,3854
N26702,3855
N36683,3856
N25467,3857
N12168,3858
N40342,3859
N19117,3860
N57342,3861
N12744,3862
N8233,3863
N8399,3864
N55631,3865
N5980,3866
N14440,3867
N16230,3868
N86,3869
N59450,3870
N16568,3871
N41380,3872
N46468,3873
N30215,3874
N35776,3875
N25979,3876
N13097,3877
N37781,3878
N16342,3879
N40578,3880
N11988,3881
N15909,3882
N37115,3883
N15119,3884
N13020,3885
N42039,3886
N64876,3887
N58016,3888
N52474,3889
N34724,3890
N34915,3891
N39331,3892
N33144,3893
N54541,3894
N63122,3895
N42488,3896
N4513,3897
N39531,3898
N10696,3899
N38566,3900
N10108,3901
N58653,3902
N21905,3903
N17448,3904
N39244,3905
N27157,3906
N16323,3907
N5889,3908
N15134,3909
N37108,3910
N54303,3911
N31002,3912
N23760,3913
N47267,3914
N62070,3915
N26108,3916
N46384,3917
N5001,3918
N15952,3919
N23762,3920
N57526,3921
N11908,3922
N36232,3923
N55936,3924
N28413,3925
N36351,3926
N43492,3927
N25654,3928
N58054,3929
N34809,3930
N36786,3931
N15194,3932
N37019,3933
N13793,3934
N49908,3935
N57099,3936
N52433,3937
N44186,3938
N22318,3939
N41726,3940
N56136,3941
N40056,3942
N45375,3943
N50570,3944
N3322,3945
N26043,3946
N31727,3947
N19770,3948
N10061,3949
N15329,3950
N33159,3951
N38057,3952
N63449,3953
N18354,3954
N61900,3955
N62147,3956
N64787,3957
N27357,3958
N12523,3959
N57957,3960
N24171,3961
N43745,3962
N39731,3963
N12109,3964
N29952,3965
N12191,3966
N54232,3967
N27716,3968
N23684,3969
N42853,3970
N31203,3971
N17419,3972
N36330,3973
N25639,3974
N21571,3975
N52867,3976
N1031,3977
N50484,3978
N63913,3979
N31503,3980
N11930,3981
N42515,3982
N41934,3983
N14478,3984
N46917,3985
N8964,3986
N21484,3987
N8346,3988
N49364,3989
N39109,3990
N58814,3991
N47570,3992
N8639,3993
N43275,3994
N22188,3995
N55281,3996
N47576,3997
N58086,3998
N38306,3999
N8595,4000
N29363,4001
N56300,4002
N3064,4003
N28203,4004
N8907,4005
N366,4006
N28132,4007
N8260,4008
N40380,4009
N49200,4010
N27961,4011
N24342,4012
N37022,4013
N26179,4014
N18572,4015
N12589,4016
N44966,4017
N55186,4018
N49575,4019
N35567,4020
N35854,4021
N57614,4022
N64513,4023
N17355,4024
N30619,4025
N5276,4026
N61185,4027
N15224,4028
N59390,4029
N31504,4030
N20043,4031
N27041,4032
N57132,4033
N7927,4034
N9869,4035
N52944,4036
N39765,4037
N13263,4038
N43648,4039
N27966,4040
N28837,4041
N64816,4042
N17694,4043
N23235,4044
N3821,4045
N1355,4046
N37199,4047
N41222,4048
N57402,4049
N49935,4050
N61117,4051
N46526,4052
N32923,4053
N61392,4054
N34008,4055
N45366,4056
N8191,4057
N25377,4058
N43496,4059
N24985,4060
N44299,4061
N45554,4062
N20486,4063
N5091,4064
N967,4065
N57456,4066
N51815,4067
N12363,4068
N12492,4069
N30998,4070
N31980,4071
N51506,4072
N11768,4073
N18314,4074
N51210,4075
N15462,4076
N12083,4077
N61363,4078
N7891,4079
N43370,4080
N5957,4081
N32846,4082
N60606,4083
N62762,4084
N2235,4085
N55327,4086
N3465,4087
N20413,4088
N40326,4089
N15043,4090
N36251,4091
N38797,4092
N28912,4093
N37363,4094
N17843,4095
N37972,4096
N27039,4097
N30383,4098
N28974,4099
N22825,4100
N63154,4101
N34657,4102
N40539,4103
N52122,4104
N25124,4105
N59277,4106
N34977,4107
N34956,4108
N20041,4109
N21753,4110
N57844,4111
N27932,4112
N33425,4113
N43368,4114
N12424,4115
N30814,4116
N50688,4117
N51285,4118
N24607,4119
N16291,4120
N30088,4121
N926,4122
N45173,4123
N9806,4124
N15803,4125
N41122,4126
N24157,4127
N8807,4128
N4201,4129
N34612,4130
N61571,4131
N55050,4132
N35170,4133
N49123,4134
N26639,4135
N47817,4136
N15654,4137
padding,4138
