user_id,user_index,user_clicked_newid,user_clicked_newindex
U1700,0,"['N871', 'N37997', 'N26026', 'N306', 'N34820', 'N23105', 'N43142', 'N21460', 'N3259', 'N46846', 'N21020', 'N25785']","[1, 0, 6, 9, 7, 4, 8, 11, 5, 2]"
U700,1,"['N50755', 'N39556', 'N23571', 'N5227', 'N46039', 'N39498', 'N32700', 'N10897', 'N26109', 'N61121', 'N46994', 'N41375', 'N51450', 'N46357', 'N4702', 'N15159', 'N42620', 'N22665', 'N60543', 'N16190', 'N14981', 'N3077', 'N47168', 'N2511', 'N42781', 'N29757', 'N8665']","[12, 31, 24, 13, 33, 19, 36, 30, 29, 37]"
U39703,2,"['N2950', 'N10897', 'N29361', 'N6864', 'N2192', 'N59201', 'N24298', 'N712', 'N11005', 'N31801', 'N63688', 'N18587', 'N21984', 'N42620']","[49, 19, 42, 28, 45, 48, 50, 46, 43, 47]"
U10045,3,"['N52865', 'N22570', 'N37481', 'N55189', 'N16158', 'N63276', 'N15087', 'N10270', 'N54807', 'N56447', 'N53209', 'N32670', 'N62055', 'N62396', 'N45824', 'N21851', 'N62283', 'N37835', 'N23163', 'N54305', 'N51180', 'N34380', 'N61005', 'N44442', 'N56175', 'N53033', 'N1406', 'N4408', 'N57364', 'N14437', 'N32027', 'N63306', 'N23554', 'N64395', 'N26606', 'N10679', 'N5211', 'N27164', 'N9441', 'N52196', 'N35685', 'N36068', 'N64456', 'N17463', 'N52227', 'N4745', 'N22929', 'N3933', 'N4607', 'N5019', 'N49990', 'N14137', 'N21428']","[57, 80, 92, 71, 64, 102, 70, 97, 81, 55]"
U12328,4,"['N1150', 'N13008', 'N12833', 'N1570', 'N48914', 'N15254', 'N27448', 'N49828', 'N60223', 'N12907', 'N642', 'N996', 'N9545', 'N58715', 'N20039', 'N16290', 'N44361', 'N6835', 'N9653', 'N40517', 'N47954', 'N43295', 'N16793', 'N4593', 'N53074', 'N54101', 'N59884', 'N5938', 'N53883', 'N57760', 'N63656', 'N48592', 'N5477', 'N26176', 'N36453', 'N51821', 'N42620', 'N63062']","[130, 131, 137, 135, 134, 140, 119, 123, 124, 28]"
U15141,5,"['N55846', 'N29177', 'N55189', 'N27448', 'N6156', 'N25629', 'N12367', 'N56630', 'N54580', 'N48710', 'N23570', 'N36530', 'N21258', 'N2003', 'N31996', 'N11020', 'N28257', 'N5560', 'N15676']","[154, 54, 149, 145, 146, 141, 143, 156, 155, 150]"
U53159,6,"['N4229', 'N32138', 'N53393', 'N23862', 'N34721', 'N25715', 'N61016', 'N54026', 'N6695', 'N22732', 'N25863', 'N4411', 'N4527', 'N17390', 'N44086', 'N48259', 'N5320', 'N52230', 'N54402', 'N63161', 'N61869', 'N12933']","[170, 160, 177, 175, 158, 166, 179, 161, 168, 176]"
U50562,7,"['N23571', 'N56698', 'N63724', 'N19861', 'N19861', 'N10865', 'N18030', 'N16636', 'N57971', 'N51712', 'N16617', 'N16715', 'N16715', 'N39577', 'N24298', 'N5643', 'N35866', 'N56753', 'N11913', 'N26714', 'N19347', 'N28030', 'N40944', 'N306', 'N35926', 'N21817', 'N4862', 'N53049', 'N62714', 'N50839', 'N7364']","[185, 197, 198, 184, 182, 191, 44, 205, 193, 196]"
U6744,8,"['N9824', 'N58518', 'N57726']","[206, 207, 208, 4138, 4138, 4138, 4138, 4138, 4138, 4138]"
U47477,9,"['N16715', 'N48881', 'N10502', 'N35560', 'N8981', 'N30371', 'N17415', 'N21178', 'N39511', 'N49134', 'N36453', 'N46744', 'N29358']","[215, 217, 218, 189, 138, 209, 216, 212, 219, 211]"
U39868,10,"['N26619', 'N51619', 'N42299', 'N58226', 'N21623', 'N27167', 'N60844', 'N28296', 'N30303', 'N12907', 'N49361', 'N61103', 'N59823', 'N46082', 'N46826', 'N30867', 'N22081', 'N37942', 'N49647', 'N2306', 'N10897', 'N21202', 'N50770', 'N16715', 'N14697', 'N62215', 'N59440', 'N52652', 'N27910', 'N61267', 'N619', 'N11855', 'N54522', 'N46301', 'N52551', 'N39900', 'N35458', 'N5104', 'N25811', 'N51270']","[252, 237, 245, 248, 222, 224, 253, 240, 255, 244]"
U80798,11,"['N17952', 'N25740', 'N8794', 'N61864', 'N19736', 'N55846', 'N44013', 'N12889', 'N3500', 'N10059', 'N39043', 'N28818', 'N719', 'N51741', 'N40019', 'N23628', 'N24889', 'N47485', 'N5056', 'N19152', 'N52946', 'N33617', 'N37378', 'N14340', 'N5034', 'N61704', 'N44399', 'N52648', 'N19638', 'N18164', 'N49481', 'N47170', 'N5290', 'N47525', 'N61864', 'N46096', 'N33417', 'N848', 'N6156', 'N56514', 'N3909', 'N52626', 'N11101', 'N44052', 'N53216', 'N46023', 'N33861', 'N6622', 'N60362', 'N9798', 'N50752', 'N1300', 'N37920', 'N250', 'N8960', 'N57888', 'N16715', 'N9803', 'N53880', 'N42470', 'N47020', 'N59359', 'N30353', 'N57812', 'N56753', 'N60184', 'N13374', 'N61342', 'N5938', 'N10679', 'N32166', 'N24591', 'N34140', 'N29326', 'N32640', 'N31801', 'N11005', 'N5445', 'N62546', 'N16030', 'N47173', 'N31694', 'N63709', 'N40944', 'N30160', 'N16781', 'N27373', 'N42620', 'N4486', 'N11231', 'N13429', 'N14761', 'N43189', 'N33213', 'N32498', 'N51330', 'N42128', 'N14742', 'N4607', 'N11249', 'N44867', 'N33013', 'N49040', 'N31172', 'N57726', 'N381', 'N64273', 'N46811', 'N46811', 'N43778', 'N54168', 'N6767', 'N31143', 'N62959', 'N9867', 'N35671', 'N21970', 'N62801']","[328, 343, 286, 347, 86, 271, 352, 314, 301, 290]"
U6518,12,"['N36164', 'N54793', 'N62480', 'N26017', 'N38585', 'N13363', 'N35346', 'N7729', 'N53016']","[361, 362, 366, 363, 365, 369, 368, 367, 364, 4138]"
U85394,13,"['N46911', 'N1150', 'N8129', 'N53387', 'N38118', 'N49995', 'N55189', 'N10059', 'N33683', 'N871', 'N33247', 'N26978', 'N20997', 'N16290', 'N44237', 'N58641', 'N57571', 'N43725', 'N19994', 'N4536', 'N54822', 'N64314', 'N1966', 'N14185', 'N35552', 'N13137', 'N5241', 'N11101', 'N46392', 'N59704', 'N53033', 'N9120', 'N37811', 'N55148', 'N4069', 'N16423', 'N41997', 'N21493', 'N34649', 'N54625', 'N22753', 'N3057', 'N712', 'N6466', 'N34105', 'N12349', 'N34394', 'N61267', 'N4166', 'N44885', 'N41375', 'N52875', 'N15765', 'N14452', 'N13138', 'N13429', 'N37663', 'N51705', 'N32194', 'N49040']","[379, 45, 411, 400, 403, 415, 389, 417, 385, 401]"
U78244,14,"['N39830', 'N12889', 'N56537', 'N6056', 'N56253', 'N51111', 'N3893', 'N55846', 'N48914', 'N41049', 'N13233', 'N29680', 'N55189', 'N27448', 'N34004', 'N46843', 'N44956', 'N63276', 'N36275', 'N14629', 'N18760', 'N13180', 'N25273', 'N62690', 'N19236', 'N871', 'N14644', 'N41252', 'N46978', 'N40824', 'N64634', 'N14607', 'N56692', 'N44559', 'N30662', 'N58571', 'N19131', 'N36275', 'N61347', 'N13180', 'N61217', 'N10235', 'N55326', 'N8422', 'N995', 'N20147', 'N36053', 'N6397', 'N57296', 'N50027', 'N56736', 'N60470', 'N12197', 'N1603', 'N16636', 'N46573', 'N22561', 'N13137', 'N42137', 'N58638', 'N48600', 'N14514', 'N57924', 'N34399', 'N5102', 'N5735', 'N55743', 'N60184', 'N41797', 'N306', 'N28088', 'N23196', 'N43587', 'N23196', 'N38924', 'N40070', 'N13689', 'N19300', 'N64193', 'N55497', 'N47277', 'N32069', 'N11246', 'N46966', 'N5283', 'N52551', 'N29690', 'N17128', 'N44923', 'N4607', 'N14742', 'N4970', 'N37394', 'N38310', 'N37663', 'N10470', 'N59922', 'N59327', 'N47615', 'N2782', 'N20357']","[466, 491, 425, 496, 430, 422, 441, 443, 447, 477]"
U50695,15,"['N26169', 'N2203', 'N44559', 'N2794', 'N20710', 'N6156', 'N12096', 'N27154', 'N10897', 'N36843', 'N30698', 'N34394', 'N306', 'N47847', 'N43142', 'N47719', 'N33096', 'N14385', 'N13138', 'N42620', 'N36530', 'N4607', 'N37663', 'N39798', 'N39462', 'N37509']","[509, 143, 502, 415, 503, 514, 28, 506, 6, 508]"
U40466,16,"['N51591', 'N18109', 'N48582', 'N57737', 'N51706', 'N40517', 'N16290', 'N60954', 'N3345', 'N3183', 'N63554', 'N43725', 'N13137', 'N22864', 'N44442', 'N55951', 'N45794', 'N35022', 'N7376', 'N9803', 'N61388', 'N26900', 'N38994', 'N42470', 'N36083', 'N2192', 'N51840', 'N26288', 'N13231', 'N47020', 'N30353', 'N12349', 'N57955', 'N56753', 'N23554', 'N60184', 'N812', 'N24267', 'N34394', 'N54842', 'N306', 'N306', 'N26026', 'N41375', 'N47719', 'N41375', 'N43142', 'N43142', 'N14349', 'N28088', 'N21817', 'N29503', 'N42620', 'N28856', 'N48356', 'N54327', 'N10120', 'N17303', 'N7019', 'N11231', 'N2782', 'N55389', 'N17892', 'N23196', 'N60212', 'N23958', 'N4607', 'N41218', 'N18910', 'N34531', 'N48742', 'N51705', 'N40171', 'N20575', 'N31938', 'N33502', 'N15676', 'N33981', 'N36424', 'N7938', 'N3491']","[527, 535, 526, 543, 524, 310, 312, 540, 548, 525]"
U46596,17,"['N47438', 'N20950', 'N21317', 'N5469']","[567, 565, 568, 566, 4138, 4138, 4138, 4138, 4138, 4138]"
U19722,18,"['N2028', 'N40613', 'N459', 'N27851', 'N59345', 'N55231', 'N12889', 'N46483', 'N879', 'N3500', 'N17403', 'N700', 'N48987', 'N7100', 'N20145', 'N7048', 'N8552', 'N36676', 'N10815', 'N871', 'N64408', 'N13679', 'N9680', 'N63260', 'N61449', 'N26978', 'N59231', 'N32483', 'N4020', 'N28419', 'N34627', 'N51706', 'N44361', 'N31057', 'N54698', 'N47525', 'N54822', 'N64591', 'N25577', 'N64314', 'N32663', 'N6154', 'N60340', 'N20792', 'N9226', 'N56630', 'N6622', 'N63429', 'N45794', 'N41404', 'N18905', 'N32312', 'N43781', 'N63258', 'N38802', 'N5978', 'N58090', 'N29276', 'N58264', 'N41616', 'N59359', 'N8676', 'N33092', 'N5902', 'N13850', 'N34590', 'N46131', 'N34323', 'N19706', 'N18355', 'N46616', 'N43142', 'N54522', 'N26746', 'N6831', 'N11231', 'N41926', 'N63855', 'N9674', 'N19660', 'N46473', 'N36271', 'N24150', 'N6915', 'N20575', 'N6767', 'N20602']","[624, 584, 614, 558, 572, 581, 600, 599, 580, 630]"
U7932,19,"['N53216', 'N18366', 'N32312', 'N35022', 'N34649', 'N17589', 'N32573', 'N18238', 'N17292', 'N50475', 'N48655']","[638, 642, 401, 644, 528, 608, 298, 643, 641, 640]"
U11306,20,"['N18064', 'N38868', 'N60340', 'N31801', 'N39778', 'N54842', 'N11005', 'N29867', 'N33502', 'N40509']","[560, 540, 645, 46, 47, 647, 649, 646, 648, 602]"
U5627,21,"['N43561', 'N4483', 'N13603', 'N57886', 'N32109', 'N61997', 'N37123', 'N11101', 'N60000', 'N8834', 'N59237', 'N9798', 'N46513', 'N64819', 'N60699', 'N36095', 'N35108', 'N566', 'N7062', 'N47348', 'N54528', 'N5469', 'N21317', 'N44867', 'N30612']","[567, 653, 661, 666, 655, 669, 657, 303, 662, 650]"
U29155,22,"['N60785', 'N11885', 'N38939', 'N25114', 'N44984', 'N4830', 'N20680', 'N40373', 'N60184', 'N60184', 'N16292', 'N47175', 'N8448', 'N10417', 'N36353', 'N37681', 'N48076', 'N306', 'N37131', 'N32008', 'N61249', 'N11855', 'N33503', 'N46085', 'N59139', 'N30612', 'N3280', 'N13138', 'N46267', 'N46267', 'N47687', 'N44416', 'N42137', 'N1843', 'N48621', 'N25258', 'N60985', 'N42128', 'N19660', 'N43955', 'N59923', 'N12576', 'N21317', 'N50372', 'N65204', 'N34167', 'N41244', 'N25062', 'N37586', 'N36387', 'N53017', 'N28257', 'N40785', 'N23784']","[674, 697, 700, 248, 702, 691, 3, 673, 687, 155]"
U78954,23,"['N2189', 'N64716', 'N19269', 'N12889', 'N59546', 'N2203', 'N34322', 'N33998', 'N34694', 'N8845', 'N24187', 'N48098', 'N56541', 'N21844', 'N18275', 'N45794', 'N63003', 'N16715', 'N60184', 'N19347', 'N26176', 'N9441', 'N36530', 'N42620', 'N55556', 'N8258', 'N56527', 'N8878', 'N12652', 'N32194', 'N14383', 'N16902']","[728, 725, 727, 502, 721, 715, 719, 713, 196, 729]"
U53276,24,"['N55189', 'N16233', 'N51706', 'N15034', 'N10865', 'N60000', 'N501', 'N27408', 'N30434', 'N40716', 'N16715', 'N16715', 'N13374', 'N42620', 'N22997', 'N8148', 'N29857', 'N39979']","[520, 740, 54, 734, 183, 735, 737, 733, 739, 741]"
U73700,25,"['N10732', 'N25792', 'N7563', 'N21087', 'N41087', 'N5445', 'N60384', 'N46616', 'N52500', 'N33164', 'N47289', 'N24233', 'N62058', 'N26378', 'N49475', 'N18870']","[752, 325, 746, 750, 748, 745, 753, 626, 754, 749]"
U8125,26,"['N10078', 'N56514', 'N14904', 'N33740']","[759, 758, 293, 757, 4138, 4138, 4138, 4138, 4138, 4138]"
U85027,27,"['N61864', 'N28501', 'N30145']","[760, 761, 260, 4138, 4138, 4138, 4138, 4138, 4138, 4138]"
U80709,28,"['N53234', 'N16636', 'N306', 'N41375', 'N15765', 'N13138', 'N38105', 'N46846', 'N50710']","[763, 3, 412, 23, 762, 764, 185, 414, 9, 4138]"
U61875,29,"['N61070', 'N5034', 'N63620', 'N20216', 'N80', 'N46392', 'N5013', 'N36811', 'N63123', 'N6531', 'N6466', 'N2778', 'N20613', 'N20857', 'N50370', 'N37708', 'N62816', 'N44310', 'N36817', 'N15630', 'N54024', 'N13199', 'N34287', 'N52536', 'N26176', 'N921', 'N48276', 'N63302', 'N34069', 'N817', 'N13138', 'N9056', 'N10120', 'N14761', 'N60895', 'N32001', 'N3826', 'N43955', 'N11866', 'N43899']","[776, 772, 767, 785, 793, 137, 795, 778, 784, 771]"
U66486,30,"['N57072', 'N60496', 'N44258', 'N62771', 'N49728', 'N18845', 'N39737', 'N45080', 'N60491', 'N38105', 'N25739', 'N30209', 'N45278', 'N21272']","[808, 797, 807, 802, 800, 805, 803, 799, 798, 804]"
U39029,31,"['N20290', 'N32230', 'N33513', 'N29597', 'N42989', 'N3500', 'N55846', 'N12801', 'N12291', 'N63842', 'N38118', 'N39508', 'N21623', 'N61931', 'N24889', 'N63842', 'N28818', 'N57737', 'N47729', 'N7143', 'N48517', 'N25577', 'N16715', 'N60340', 'N30967', 'N39677', 'N6864', 'N712', 'N30353', 'N34824', 'N41197', 'N38390', 'N61196', 'N1398', 'N55599', 'N10414', 'N62703', 'N55410', 'N60671', 'N62374', 'N22997', 'N27766', 'N48699', 'N7849', 'N28123', 'N24471', 'N36271', 'N5886', 'N60300', 'N25739', 'N24514', 'N55497', 'N50839', 'N62714', 'N50135', 'N3491']","[827, 824, 826, 483, 832, 815, 840, 272, 842, 844]"
U13227,32,"['N2028', 'N22570', 'N27407', 'N10756', 'N16158', 'N32421', 'N2083', 'N29730', 'N60206', 'N60223', 'N27612', 'N46978', 'N41063', 'N62006', 'N36699', 'N51706', 'N24914', 'N18777', 'N58504', 'N29426', 'N14470', 'N38266', 'N50513', 'N9899', 'N51238', 'N13137', 'N42526', 'N12367', 'N55517', 'N23256', 'N56630', 'N6622', 'N46681', 'N477', 'N46513', 'N4593', 'N14150', 'N23653', 'N14963', 'N5823', 'N58090', 'N16715', 'N26265', 'N40692', 'N26272', 'N54090', 'N46131', 'N7214', 'N24243', 'N28074', 'N50051', 'N306', 'N62471', 'N35710', 'N37225', 'N54522', 'N14655', 'N25885', 'N14552', 'N58724', 'N36530', 'N42620', 'N37528', 'N46267', 'N3301', 'N7019', 'N2775', 'N3264', 'N17303', 'N9890', 'N46655', 'N4607', 'N23958', 'N8629', 'N46795', 'N64106', 'N50', 'N41218', 'N601', 'N63761', 'N55911', 'N21317', 'N14417', 'N45269', 'N52481', 'N43827', 'N11020', 'N18106', 'N37729', 'N21970', 'N29857', 'N32233', 'N55582']","[845, 3, 900, 896, 55, 858, 567, 886, 888, 547]"
U78765,33,"['N20304', 'N62327', 'N54022', 'N53520', 'N6233', 'N33083', 'N12096', 'N145', 'N4244', 'N38465', 'N4490', 'N57888', 'N37003', 'N17968', 'N59426', 'N16617', 'N12003', 'N2778', 'N25814', 'N60607', 'N22063', 'N46229', 'N55042', 'N13138', 'N9056', 'N12808', 'N8143', 'N14761', 'N4717', 'N40153', 'N53948', 'N4917', 'N59574', 'N20607', 'N23431']","[914, 927, 910, 915, 933, 920, 912, 923, 921, 911]"
U11533,34,"['N55846', 'N40962', 'N58641', 'N54698', 'N55326', 'N43997', 'N9120', 'N37039', 'N46049', 'N49944', 'N8745']","[939, 938, 380, 394, 141, 941, 937, 597, 942, 940]"
U47892,35,"['N22279', 'N37211', 'N3501', 'N459', 'N10588', 'N3908', 'N23571', 'N21623', 'N46425', 'N18868', 'N12461', 'N31352', 'N16874', 'N871', 'N49146', 'N110', 'N5440', 'N12907', 'N61275', 'N65169', 'N39117', 'N5831', 'N16225', 'N58255', 'N59704', 'N50328', 'N62634', 'N54827', 'N23500', 'N63229', 'N59426', 'N40716', 'N36811', 'N43781', 'N56986', 'N23653', 'N15022', 'N55656', 'N19028', 'N59440', 'N60815', 'N48325', 'N31134', 'N56386', 'N60153', 'N13475', 'N56753', 'N17811', 'N19360', 'N62917', 'N3130', 'N14214', 'N48904', 'N38299', 'N46919', 'N14292', 'N19439', 'N28313', 'N29070', 'N619', 'N51658', 'N23732', 'N54842', 'N63889', 'N38701', 'N31801', 'N28981', 'N63576', 'N45829', 'N17271', 'N30168', 'N10527', 'N44766', 'N23614', 'N306', 'N56889', 'N28981', 'N10878', 'N12948', 'N14827', 'N15081', 'N25586', 'N42528', 'N64467', 'N10559', 'N43142', 'N15819', 'N40871', 'N5753', 'N63277', 'N4572', 'N19056', 'N54469', 'N39017', 'N25786', 'N35052', 'N34553', 'N60491', 'N56236', 'N33742', 'N33096', 'N2618', 'N31248', 'N11709', 'N21448', 'N30681', 'N11855', 'N45535', 'N19855', 'N38961', 'N50995', 'N41470', 'N23401', 'N55881', 'N38256', 'N22997', 'N52026', 'N11506', 'N21778', 'N56694', 'N24394', 'N55550', 'N1200', 'N28856', 'N64482', 'N3787', 'N30121', 'N37191', 'N43901', 'N59588', 'N11231', 'N29495', 'N20522', 'N1730', 'N23737', 'N55742', 'N13429', 'N46818', 'N30764', 'N12810', 'N49170', 'N47791', 'N10527', 'N41918', 'N16443', 'N48699', 'N33263', 'N22734', 'N65172', 'N37867', 'N60946', 'N27766', 'N58801', 'N25019', 'N40376', 'N15797', 'N18369', 'N64963', 'N20798', 'N54278', 'N55687', 'N20360', 'N53889', 'N51983', 'N40442', 'N6002', 'N12219', 'N42986', 'N44423', 'N30878', 'N1345', 'N9317', 'N63991', 'N37509', 'N23258', 'N39900', 'N44077', 'N47407', 'N49040', 'N381', 'N20607', 'N32830', 'N55055', 'N27940', 'N28257', 'N59451', 'N15676']","[1082, 1088, 1003, 956, 3, 1034, 976, 991, 14, 982]"
U16402,36,"['N62859', 'N64906', 'N33096', 'N32008', 'N47189', 'N15454']","[686, 1097, 511, 1096, 1095, 1094, 4138, 4138, 4138, 4138]"
U86017,37,"['N54827', 'N23653', 'N1766', 'N30353', 'N61342', 'N58871', 'N26176', 'N37509']","[319, 515, 964, 1099, 137, 315, 1098, 870, 4138, 4138]"
U2579,38,"['N3398', 'N51076', 'N3398', 'N35021', 'N31191', 'N59754', 'N44559', 'N26978', 'N4020', 'N51226', 'N2745', 'N18893', 'N53354', 'N32483', 'N39911', 'N30867', 'N39235', 'N228', 'N13925', 'N54827', 'N10928', 'N12676', 'N11745', 'N14452', 'N43142', 'N30681', 'N18730', 'N42620', 'N36530', 'N38256', 'N23401', 'N8143', 'N8878', 'N40254', 'N40448', 'N52555', 'N19833', 'N54730']","[1110, 1108, 413, 377, 1112, 234, 1111, 729, 1113, 1035]"
U63808,39,"['N12900', 'N459', 'N3908', 'N56253', 'N1150', 'N51293', 'N20304', 'N44251', 'N39561', 'N27448', 'N45589', 'N21337', 'N9080', 'N34271', 'N42458', 'N21771', 'N20145', 'N2203', 'N60223', 'N6233', 'N5266', 'N15695', 'N12506', 'N40791', 'N49926', 'N59496', 'N64032', 'N9899', 'N56778', 'N61005', 'N60340', 'N8002', 'N64505', 'N22561', 'N54305', 'N28115', 'N36445', 'N26109', 'N31304', 'N28828', 'N18848', 'N57997', 'N57967', 'N48998', 'N18285', 'N9319', 'N43961', 'N47780', 'N18285', 'N14552', 'N51992', 'N58332', 'N63761', 'N50', 'N19678', 'N24830']","[1136, 1132, 899, 1146, 581, 502, 112, 1157, 1156, 1127]"
U52914,40,"['N49640', 'N58309', 'N39258', 'N15122', 'N33969', 'N8831', 'N41840', 'N31262', 'N60340', 'N63499', 'N45335', 'N16715', 'N39192', 'N16378', 'N49838', 'N32573', 'N19495', 'N52307']","[1172, 602, 1165, 1166, 640, 1160, 1169, 1168, 1164, 1162]"
U24775,41,"['N44579', 'N34047', 'N30665', 'N53033', 'N4411', 'N20284', 'N39670', 'N18870']","[756, 1173, 169, 1176, 1177, 1174, 76, 1175, 4138, 4138]"
U10585,42,"['N59873', 'N60894', 'N19760', 'N44018', 'N29499', 'N24002', 'N3500', 'N51741', 'N11701', 'N33617', 'N6424', 'N44495', 'N46527', 'N38826', 'N31927', 'N30662', 'N47525', 'N31138', 'N63429', 'N63429', 'N28801', 'N55043', 'N8844', 'N32874', 'N35452', 'N41375', 'N19429', 'N6778', 'N1843', 'N47020', 'N25258', 'N24409', 'N60895', 'N40153', 'N14908', 'N24471', 'N51983', 'N5629', 'N3491']","[1200, 1192, 269, 445, 1188, 1183, 1195, 605, 277, 1178]"
U69950,43,"['N34947', 'N11282', 'N21771', 'N18881', 'N32545', 'N9172', 'N35802', 'N32421', 'N2083', 'N26642', 'N65123', 'N6233', 'N28296', 'N60050', 'N20649', 'N51706', 'N27377', 'N21087', 'N16304', 'N38298', 'N18094', 'N10347', 'N12194', 'N61388', 'N58090', 'N40692', 'N43391', 'N5905', 'N31801', 'N8200', 'N2309', 'N43142', 'N27468', 'N9674', 'N4717', 'N48715', 'N18360', 'N46846', 'N39798', 'N20575', 'N43195']","[1204, 874, 1217, 1220, 520, 1211, 530, 1206, 9, 913]"
U27804,44,"['N56253', 'N24673', 'N61826', 'N3500', 'N22479', 'N55189', 'N16233', 'N58619', 'N27096', 'N44399', 'N51706', 'N10078', 'N46990', 'N64408', 'N39638', 'N51942', 'N9554', 'N24237', 'N477', 'N59426', 'N26250', 'N34140', 'N38701', 'N20057', 'N19706', 'N29358', 'N60585', 'N31882', 'N6466', 'N61898', 'N32852', 'N43142', 'N39670', 'N61210', 'N53049', 'N14376', 'N5261', 'N16284', 'N167', 'N50710', 'N43202', 'N3566', 'N13636', 'N51906', 'N54397', 'N62391']","[1228, 1230, 54, 282, 1233, 1240, 1236, 1229, 764, 1243]"
U67565,45,"['N3547', 'N63875', 'N5163', 'N22570', 'N1150', 'N30708', 'N44559', 'N5440', 'N41954', 'N16260', 'N18030', 'N59026', 'N39235', 'N56514', 'N2186', 'N13137', 'N40704', 'N1825', 'N50752', 'N54435', 'N63258', 'N23653', 'N22161', 'N13231', 'N7080', 'N36780', 'N38390', 'N56240', 'N31801', 'N54225', 'N13710', 'N33096', 'N63688', 'N39670', 'N60611', 'N61940', 'N13081', 'N27766', 'N943', 'N43846', 'N21317', 'N54536', 'N57187', 'N35790', 'N2678']","[48, 536, 1255, 1177, 1277, 610, 1266, 390, 511, 1259]"
U63162,46,"['N59774', 'N56853', 'N63248', 'N22479', 'N10340', 'N59469', 'N36593', 'N61070', 'N30827', 'N6576', 'N63554', 'N62285', 'N11163', 'N50258', 'N15122', 'N58091', 'N30974', 'N39235', 'N37123', 'N21019', 'N32109', 'N61005', 'N3057', 'N21389', 'N12709', 'N50479', 'N22614', 'N25158', 'N30103', 'N42791', 'N3057', 'N58744', 'N54449', 'N47922', 'N55051', 'N59359', 'N64554', 'N13912', 'N2183', 'N13225', 'N57318', 'N19347', 'N40526', 'N53118', 'N56444', 'N56290', 'N54842', 'N63889', 'N28074', 'N6285', 'N43374', 'N62471', 'N19874', 'N41298', 'N43595', 'N64467', 'N51457', 'N51503', 'N2018', 'N12785', 'N56438', 'N8237', 'N61972', 'N31099', 'N2078', 'N64983', 'N31802', 'N29561', 'N22627', 'N43595', 'N54536', 'N40442', 'N35458', 'N16344']","[73, 1306, 1312, 1299, 1300, 1323, 1317, 1008, 1304, 1110]"
U91389,47,"['N58642', 'N53393', 'N50155', 'N56253', 'N27448', 'N60223', 'N16695', 'N62248', 'N8667', 'N15394', 'N13231', 'N31061', 'N48240', 'N2224', 'N51376', 'N50710', 'N51906', 'N14246', 'N35923', 'N62258', 'N36086', 'N36707']","[421, 1340, 110, 1338, 1342, 1249, 160, 1341, 1344, 536]"
U52005,48,['N10470'],"[495, 4138, 4138, 4138, 4138, 4138, 4138, 4138, 4138, 4138]"
U70879,49,"['N47823', 'N44013', 'N17354', 'N26531', 'N22570', 'N16215', 'N29849', 'N42989', 'N57147', 'N47069', 'N64952', 'N27448', 'N45589', 'N8391', 'N52109', 'N41252', 'N32299', 'N51111', 'N30847', 'N43369', 'N63221', 'N65219', 'N39647', 'N64408', 'N14607', 'N39584', 'N32187', 'N29316', 'N63740', 'N2234', 'N42208', 'N28296', 'N20742', 'N57537', 'N54793', 'N50890', 'N7203', 'N36699', 'N61598', 'N42946', 'N34595', 'N49513', 'N29197', 'N33969', 'N13361', 'N60333', 'N24131', 'N63054', 'N47954', 'N41433', 'N50467', 'N61018', 'N46194', 'N36030', 'N45896', 'N33704', 'N51180', 'N26119', 'N45896', 'N57783', 'N28144', 'N49528', 'N16513', 'N54826', 'N57109', 'N25732', 'N46909', 'N42664', 'N3124', 'N42359', 'N29851', 'N37920', 'N59691', 'N3471', 'N28425', 'N35', 'N1506', 'N64706', 'N38585', 'N61388', 'N52652', 'N3388', 'N39084', 'N28058', 'N9012', 'N40809', 'N45909', 'N45954', 'N40467', 'N33389', 'N53385', 'N38562', 'N30374', 'N15587', 'N42358', 'N31111', 'N13400', 'N15587', 'N17764', 'N34140', 'N5905', 'N49495', 'N62940', 'N47309', 'N44109', 'N26504', 'N17032', 'N41797', 'N54655', 'N17542', 'N60826', 'N3086', 'N23035', 'N56596', 'N45199', 'N45433', 'N7132', 'N63161', 'N33742', 'N50837', 'N43595', 'N63272', 'N41896', 'N57340', 'N15788', 'N20004', 'N36530', 'N64214', 'N57987', 'N39380', 'N62058', 'N7172', 'N52921', 'N50580', 'N34865', 'N20567', 'N52921', 'N10799', 'N60858', 'N62738', 'N28862', 'N22816']","[1218, 1407, 1418, 1411, 1427, 1405, 1389, 1431, 1382, 1357]"
U83994,50,"['N49519', 'N2691', 'N26567', 'N54359', 'N20830', 'N995', 'N36053', 'N49103', 'N8569', 'N13893', 'N64541', 'N47737', 'N23196', 'N60604', 'N57140', 'N54571', 'N6778', 'N39838']","[1464, 1470, 1467, 455, 1468, 1460, 476, 1197, 1461, 1465]"
U38627,51,"['N21136', 'N306', 'N26026', 'N2309', 'N36530']","[1472, 1220, 3, 150, 2, 4138, 4138, 4138, 4138, 4138]"
U45798,52,"['N459', 'N11071', 'N1150', 'N60206', 'N12859', 'N22561', 'N46023', 'N16715', 'N31801', 'N55556', 'N49792']","[1473, 299, 571, 850, 189, 726, 1474, 47, 464, 1475]"
U38865,53,"['N12733', 'N8316', 'N43295', 'N17953', 'N16317', 'N2994', 'N55108', 'N59237', 'N53526', 'N18012', 'N21383', 'N21623', 'N64777', 'N2665', 'N46987', 'N4020', 'N32089', 'N14724', 'N29940', 'N36808', 'N16451', 'N15034', 'N36699', 'N53074', 'N995', 'N40912', 'N55326', 'N36053', 'N30662', 'N37156', 'N30622', 'N37156', 'N20483', 'N7333', 'N60669', 'N25839', 'N43917', 'N55951', 'N5828', 'N22519', 'N22344', 'N61018', 'N46372', 'N20857', 'N37915', 'N25158', 'N34824', 'N35560', 'N30353', 'N1080', 'N47289', 'N42079', 'N58264', 'N35295', 'N28313', 'N10414', 'N9003', 'N15587', 'N54842', 'N23864', 'N55059', 'N56889', 'N28088', 'N59118', 'N13081', 'N17589', 'N15676', 'N23771']","[1489, 1508, 734, 1512, 211, 1499, 1503, 1480, 540, 1492]"
U47654,54,"['N56461', 'N4304', 'N39041', 'N871', 'N44559', 'N28296', 'N41944', 'N41665', 'N8122', 'N39235', 'N20792', 'N55951', 'N8834', 'N50328', 'N787', 'N18873', 'N32312', 'N15538', 'N54435', 'N24441', 'N28926', 'N619', 'N18285', 'N4526', 'N43142', 'N12306', 'N63161', 'N62714', 'N11855', 'N28711', 'N38105', 'N26364', 'N6376', 'N44928', 'N28324', 'N22558', 'N45269', 'N13797', 'N24830', 'N37651']","[0, 1524, 608, 1519, 1527, 1515, 1534, 6, 1531, 227]"
U39643,55,"['N32089', 'N61704', 'N14302', 'N56778', 'N46392', 'N40716', 'N16617', 'N38585', 'N31248', 'N42620', 'N31175', 'N55714', 'N48742']","[1535, 1536, 556, 365, 1488, 738, 1024, 392, 1537, 281]"
U91836,56,"['N31739', 'N6072', 'N63045', 'N23979', 'N35656', 'N43353', 'N8129', 'N1569', 'N17686', 'N13008', 'N21623', 'N6233', 'N14340', 'N48031', 'N62285', 'N44383', 'N23061', 'N16290', 'N6244', 'N45099', 'N58715', 'N59049', 'N7023', 'N50528', 'N42704', 'N46082', 'N8275', 'N15710', 'N59026', 'N8429', 'N30867', 'N56514', 'N19709', 'N31402', 'N31741', 'N54889', 'N9798', 'N62612', 'N2663', 'N16617', 'N6087', 'N13231', 'N63317', 'N61388', 'N59359', 'N51163', 'N30698', 'N34567', 'N54225', 'N32852', 'N55833', 'N64467', 'N3142', 'N13912', 'N29802', 'N44462', 'N29948', 'N4486', 'N5398', 'N14761', 'N47020', 'N65112', 'N31699', 'N37159', 'N61101', 'N14761', 'N3433', 'N10438', 'N61355', 'N21164', 'N22976', 'N2511', 'N48390', 'N58224', 'N48742', 'N35458', 'N24611', 'N37509', 'N21773', 'N41011', 'N19041', 'N25785']","[337, 1569, 119, 1546, 224, 1574, 508, 1553, 1573, 188]"
U9306,57,"['N4099', 'N17953', 'N29177', 'N53636', 'N43295', 'N58936', 'N7714', 'N58226', 'N6167', 'N7442', 'N64742', 'N38939', 'N55805', 'N59546', 'N21117', 'N13008', 'N38824', 'N61432', 'N14644', 'N32893', 'N44495', 'N28081', 'N31896', 'N3508', 'N33617', 'N44399', 'N33998', 'N16290', 'N38659', 'N10865', 'N33969', 'N40912', 'N34522', 'N5290', 'N64185', 'N62904', 'N27094', 'N48038', 'N47558', 'N9899', 'N19630', 'N25577', 'N31193', 'N32020', 'N47729', 'N18030', 'N38298', 'N11101', 'N59053', 'N2805', 'N64775', 'N51299', 'N16292', 'N43524', 'N18275', 'N21177', 'N20592', 'N5663', 'N17990', 'N45794', 'N17966', 'N56486', 'N53531', 'N43175', 'N57789', 'N32312', 'N32402', 'N50671', 'N34920', 'N21019', 'N30698', 'N31801', 'N5521', 'N26714', 'N28074', 'N61249', 'N8201', 'N48076', 'N63709', 'N306', 'N53596', 'N61535', 'N41298', 'N4526', 'N60714', 'N40640', 'N40871', 'N23105', 'N28359', 'N39017', 'N30190', 'N8448', 'N28088', 'N51821', 'N39670', 'N13138', 'N2937', 'N36530', 'N1843', 'N5283', 'N14761', 'N42128', 'N19660', 'N51376', 'N32748', 'N18360', 'N60713', 'N57239', 'N37897', 'N60702', 'N55911', 'N44867', 'N25078', 'N52136', 'N62211', 'N42330', 'N14938', 'N62306', 'N61880', 'N29857', 'N10073', 'N20020']","[125, 1637, 1643, 1639, 1493, 1620, 1606, 5, 195, 1291]"
U5286,58,"['N16566', 'N45354', 'N5696', 'N19048', 'N3046', 'N16870', 'N63302', 'N18680', 'N11005', 'N60028', 'N5607', 'N44110', 'N55556', 'N39221', 'N13140', 'N50456', 'N49972', 'N60028', 'N43627', 'N13168']","[1657, 1655, 726, 788, 1668, 1656, 1666, 1663, 1661, 1665]"
U15363,59,"['N31801', 'N60895', 'N58200', 'N58733', 'N11005', 'N12215', 'N30160', 'N40640', 'N26201', 'N4526', 'N32310', 'N5325', 'N63779', 'N51798', 'N22997', 'N49972', 'N15788', 'N48356', 'N8277', 'N48715', 'N51330', 'N57368', 'N10470', 'N59574', 'N54980', 'N59484', 'N9660', 'N52782', 'N64273', 'N15676']","[934, 1678, 1671, 350, 1670, 739, 544, 495, 331, 46]"
U67119,60,"['N1322', 'N12194', 'N16715', 'N54834', 'N732', 'N14742', 'N17887', 'N46811', 'N279', 'N35671', 'N12608', 'N30295']","[1685, 1216, 1687, 189, 1689, 1684, 343, 1686, 351, 1690]"
U8312,61,"['N22545', 'N44559', 'N32893', 'N33571', 'N4614', 'N56446', 'N56447', 'N32208', 'N42470', 'N26176', 'N21817', 'N54522', 'N61813', 'N62209', 'N28624', 'N5283', 'N55742', 'N27526', 'N55064', 'N33740', 'N16190', 'N43627', 'N60956', 'N21899', 'N51810']","[1692, 312, 1668, 1697, 1691, 200, 1701, 1700, 1702, 1703]"
U40937,62,"['N17933', 'N2203', 'N18049', 'N51706', 'N31057', 'N18030', 'N31204', 'N17966', 'N59704', 'N59691', 'N57801', 'N64955', 'N306', 'N43142', 'N48135', 'N39192', 'N53049']","[393, 1708, 1401, 6, 1705, 1706, 1704, 1623, 3, 520]"
U84248,63,"['N46647', 'N14114', 'N36896']","[1710, 1712, 1711, 4138, 4138, 4138, 4138, 4138, 4138, 4138]"
U23485,64,"['N29177', 'N47069', 'N6523', 'N14842', 'N39421', 'N986', 'N12907', 'N49728', 'N52263', 'N63499', 'N501', 'N33304', 'N2980', 'N8584', 'N31826', 'N40716', 'N11070', 'N55556', 'N48564', 'N59395', 'N51434', 'N12103', 'N20798', 'N31857', 'N40376', 'N62058', 'N64631', 'N15797', 'N62661', 'N40207', 'N23431', 'N51270', 'N9660', 'N46026', 'N16308', 'N54005', 'N21145']","[1726, 1733, 1725, 1722, 1728, 1734, 1732, 1069, 1718, 113]"
U61371,65,"['N22279', 'N55039', 'N50074', 'N51167', 'N47525', 'N4567', 'N5011', 'N23193', 'N9803', 'N40496', 'N22787', 'N22787', 'N58383', 'N47791', 'N46065', 'N43818', 'N1850', 'N19565', 'N40871', 'N54841', 'N2645', 'N50564', 'N2363', 'N39333', 'N64371', 'N30792', 'N13894', 'N54073', 'N17118', 'N38687', 'N45445']","[1741, 1745, 1757, 1742, 1747, 1755, 1751, 1011, 1744, 1743]"
U44808,66,"['N61864', 'N22570', 'N56253', 'N871', 'N51706', 'N61864', 'N36053', 'N4866', 'N22561', 'N23653', 'N16715', 'N20857', 'N31181', 'N46962', 'N9685', 'N62058', 'N46655', 'N6218', 'N28257', 'N10359']","[455, 1764, 421, 1765, 260, 1760, 155, 520, 775, 870]"
U73329,67,"['N27103', 'N40772', 'N9151', 'N57595', 'N33304', 'N42288', 'N49568', 'N26026', 'N21862', 'N54842', 'N6346', 'N38182', 'N36453', 'N48224', 'N47557', 'N60702', 'N41244', 'N55897', 'N5629']","[1770, 1774, 1767, 1768, 1644, 1775, 1766, 705, 1773, 138]"
U13740,68,"['N55189', 'N42782', 'N34694', 'N45794', 'N18445', 'N63302', 'N10414', 'N19347', 'N31801']","[54, 47, 1779, 196, 1778, 788, 831, 527, 718, 4138]"
U92093,69,"['N27142', 'N41997', 'N18536', 'N58615', 'N7606', 'N16111', 'N8042', 'N54822', 'N13853', 'N17378', 'N45794', 'N47143', 'N24048', 'N37039', 'N49699', 'N5978', 'N47232', 'N18693', 'N50370', 'N26503', 'N29874', 'N18642', 'N32836', 'N61342', 'N31181', 'N51184', 'N43446', 'N11005', 'N37934', 'N11851', 'N27151', 'N17542', 'N12047', 'N55167', 'N12808', 'N2912', 'N17166', 'N35004', 'N16284', 'N54536', 'N42864', 'N51983', 'N32555']","[1799, 1800, 1782, 1797, 1761, 1806, 928, 1801, 776, 1783]"
U53231,70,"['N58936', 'N15919', 'N11917', 'N2153', 'N55312', 'N13008', 'N41420', 'N24889', 'N719', 'N47485', 'N35259', 'N34124', 'N37720', 'N29924', 'N39498', 'N64049', 'N45794', 'N16715', 'N26122', 'N45535', 'N20091', 'N391', 'N12576', 'N53436', 'N41244', 'N5887', 'N49179', 'N55897']","[189, 1811, 1817, 1814, 527, 1822, 272, 1816, 1777, 1821]"
U2935,71,"['N38118', 'N55326', 'N55326', 'N33969', 'N25577', 'N848', 'N18275', 'N40716', 'N45994', 'N24298', 'N58580', 'N921', 'N31801', 'N19495', 'N40509']","[44, 649, 738, 292, 724, 599, 47, 1171, 1825, 1162]"
U89839,72,"['N38118', 'N55326', 'N55326', 'N33969', 'N25577', 'N848', 'N18275', 'N40716', 'N45994', 'N24298', 'N58580', 'N921', 'N31801', 'N19495', 'N40509']","[599, 1826, 649, 786, 373, 451, 292, 44, 1162, 47]"
U9312,73,"['N19131', 'N61797', 'N40944', 'N20975', 'N24517', 'N47722', 'N46229', 'N26026', 'N2309']","[1830, 1220, 926, 447, 1828, 1827, 198, 1829, 2, 4138]"
U37844,74,"['N52551', 'N47020']","[251, 313, 4138, 4138, 4138, 4138, 4138, 4138, 4138, 4138]"
U91678,75,"['N15415', 'N3680', 'N19638', 'N9155', 'N848', 'N16636', 'N1603', 'N13137', 'N54827', 'N23653', 'N16715', 'N54625', 'N13374', 'N60184', 'N39101', 'N52536', 'N32742', 'N23305', 'N35710', 'N18503']","[1834, 390, 1837, 402, 882, 317, 1833, 318, 1832, 185]"
U8355,76,"['N8419', 'N15771', 'N1431', 'N5888', 'N18663', 'N24123', 'N22130', 'N20286', 'N32095', 'N46868', 'N55310', 'N31931', 'N34399', 'N42526', 'N64562', 'N12194', 'N23887', 'N56541', 'N59704', 'N30531', 'N60388', 'N8569', 'N38562', 'N47791', 'N157', 'N306', 'N30160', 'N41797', 'N47482', 'N2606', 'N20886', 'N47054', 'N64631', 'N3933', 'N40509']","[1728, 1851, 649, 1844, 1845, 1849, 1857, 722, 393, 331]"
U3616,77,"['N20475', 'N21265', 'N58264', 'N58722']","[1860, 615, 1861, 1859, 4138, 4138, 4138, 4138, 4138, 4138]"
U33207,78,"['N20475', 'N21265', 'N58264', 'N58722']","[1860, 615, 1861, 1859, 4138, 4138, 4138, 4138, 4138, 4138]"
U1376,79,"['N62931', 'N52545', 'N32808', 'N39556', 'N29529', 'N10732', 'N49640', 'N12907', 'N44399', 'N44955', 'N34694', 'N63920', 'N54834', 'N17907', 'N54834']","[1685, 1865, 1863, 282, 113, 1866, 718, 1868, 1158, 1867]"
U92183,80,"['N61864', 'N49436', 'N56253', 'N5034', 'N19638', 'N37859', 'N46082', 'N50905', 'N962', 'N63429', 'N40555', 'N15761', 'N23653', 'N30737', 'N6932', 'N26176', 'N35926', 'N56843', 'N13404', 'N21164', 'N8258', 'N11273', 'N56527', 'N54360', 'N62959', 'N58075']","[1876, 260, 356, 284, 870, 727, 1877, 1870, 421, 1869]"
U17841,81,"['N41089', 'N3577', 'N59496', 'N18086', 'N56175', 'N56630', 'N13893', 'N45794', 'N56537', 'N5978', 'N11727', 'N54435', 'N40716', 'N7499', 'N9803', 'N34934', 'N20109', 'N10417', 'N63180', 'N619', 'N60850', 'N11005', 'N995', 'N32852', 'N59254', 'N40944', 'N40640', 'N6750', 'N21720', 'N27919', 'N61186', 'N55556', 'N46795', 'N18870', 'N38495', 'N42570', 'N17681', 'N22816', 'N32268']","[1888, 1898, 1899, 198, 146, 1884, 681, 527, 756, 738]"
U34670,82,"['N45729', 'N2203', 'N871', 'N53880', 'N41375', 'N43142', 'N33013', 'N29757', 'N31825', 'N51891']","[346, 0, 311, 23, 37, 1900, 1902, 1901, 502, 6]"
U54128,83,"['N36517', 'N19644', 'N58067', 'N28952', 'N37844', 'N17211', 'N23979', 'N1954', 'N23912', 'N19644', 'N30738', 'N36722', 'N25003', 'N59090', 'N51057', 'N39816', 'N1150', 'N35009', 'N13505', 'N10099', 'N59090', 'N13233', 'N53125', 'N54253', 'N31737', 'N59506', 'N22990', 'N43265', 'N38176', 'N21510', 'N22990', 'N6233', 'N63260', 'N60949', 'N33617', 'N33458', 'N6233', 'N51706', 'N40874', 'N57537', 'N15218', 'N23620', 'N23986', 'N63405', 'N51167', 'N50538', 'N20121', 'N18242', 'N32098', 'N44547', 'N53538', 'N6835', 'N8619', 'N24691', 'N23136', 'N50455', 'N54267', 'N4804', 'N15444', 'N51136', 'N4355', 'N49531', 'N50455', 'N5861', 'N49223', 'N19638', 'N15848', 'N35395', 'N33200', 'N63314', 'N26398', 'N24294', 'N22052', 'N50578', 'N21559', 'N58891', 'N28236', 'N9899', 'N35519', 'N12575', 'N59026', 'N8275', 'N61534', 'N7738', 'N13508', 'N56566', 'N9641', 'N32867', 'N11042', 'N38298', 'N1267', 'N28538', 'N15337', 'N48553', 'N30114', 'N46280', 'N17102', 'N2258', 'N56514', 'N43761', 'N39235', 'N61005', 'N49731', 'N23163', 'N51712', 'N12859', 'N12096', 'N59763', 'N64775', 'N14548', 'N23887', 'N14514', 'N61114', 'N16225', 'N43524', 'N45794', 'N55051', 'N55727', 'N56922', 'N23653', 'N36230', 'N1208', 'N53973', 'N58783', 'N11477', 'N32971', 'N12755', 'N64819', 'N14580', 'N40493', 'N2576', 'N20259', 'N13362', 'N34904', 'N41439', 'N45093', 'N10749', 'N48325', 'N13569', 'N29453', 'N7780', 'N48888', 'N47020', 'N40692', 'N27491', 'N33764', 'N35409', 'N22787', 'N38546', 'N3149', 'N41156', 'N35624', 'N29955', 'N62875', 'N57278', 'N17811', 'N43673', 'N42291', 'N56753', 'N26683', 'N13374', 'N60184', 'N52506', 'N38155', 'N63167', 'N9441', 'N63469', 'N39101', 'N46011', 'N9441', 'N41589', 'N23614', 'N34152', 'N45330', 'N40944', 'N37131', 'N20547', 'N19386', 'N63582', 'N62231', 'N2679', 'N11231', 'N47655', 'N64163', 'N9114', 'N10156', 'N34113', 'N53049', 'N28812', 'N48742', 'N42986', 'N11345', 'N8148', 'N20607', 'N5418', 'N24830', 'N16308', 'N44357', 'N58731', 'N35305', 'N35671', 'N28320', 'N9537', 'N62268', 'N14512', 'N3900', 'N57238', 'N60670', 'N20020', 'N8170', 'N28858', 'N11831', 'N37764', 'N14296', 'N39289', 'N3491']","[1906, 2009, 2029, 1541, 2031, 1995, 960, 1905, 1978, 2003]"
U60663,84,"['N55951', 'N44402', 'N54827', 'N64983', 'N8148']","[964, 740, 2058, 1326, 526, 4138, 4138, 4138, 4138, 4138]"
U70910,85,"['N29177', 'N21777', 'N27448', 'N16158', 'N3046', 'N35017', 'N13304', 'N64826', 'N61471', 'N6869', 'N3850', 'N39665', 'N1825', 'N46392', 'N27320', 'N29395', 'N34824', 'N24591', 'N17279', 'N5445', 'N49175', 'N16190', 'N3111', 'N37802', 'N53275', 'N52761', 'N32004', 'N10470', 'N26213', 'N23431', 'N54283', 'N11484', 'N57005']","[2059, 2066, 142, 55, 2076, 936, 2067, 321, 392, 1261]"
U19739,86,"['N39074', 'N14343', 'N32607', 'N32320', 'N22007', 'N442', 'N19001', 'N24294', 'N51188', 'N22772', 'N51188', 'N12603', 'N8275', 'N19741', 'N6695', 'N35820', 'N30531', 'N15545', 'N27529', 'N62703', 'N59426', 'N15414', 'N54827', 'N21395', 'N39941', 'N10824', 'N42512', 'N58521', 'N62846', 'N14385', 'N47020', 'N2142', 'N17099', 'N47020', 'N11804', 'N52121']","[2080, 2090, 2098, 1555, 2094, 2099, 2089, 2100, 2093, 2084]"
U12957,87,"['N41308', 'N12900', 'N45020', 'N22544', 'N61106', 'N44940', 'N52097', 'N21098', 'N56253', 'N47558', 'N20121', 'N27012', 'N54581', 'N57582', 'N46513', 'N56456', 'N18004', 'N61455', 'N501', 'N5978', 'N62634', 'N9803', 'N1766', 'N5183', 'N28455', 'N6655', 'N12665', 'N35410', 'N27759', 'N21751', 'N13374', 'N61342', 'N57288', 'N30030', 'N53482', 'N11005', 'N33164', 'N63895', 'N306', 'N2309', 'N41797', 'N7898', 'N35710', 'N42620', 'N30022', 'N27526', 'N37159', 'N38105', 'N38039', 'N57908', 'N41244', 'N43798', 'N52307', 'N59451', 'N5560', 'N51377', 'N7328']","[2123, 3, 705, 2135, 474, 2116, 2122, 2121, 763, 310]"
U39222,88,"['N31801', 'N24243', 'N47719', 'N46267']","[878, 692, 47, 510, 4138, 4138, 4138, 4138, 4138, 4138]"
U27024,89,"['N38629', 'N50155', 'N29177', 'N56426', 'N63842', 'N36565', 'N30710', 'N43854', 'N41229', 'N31983', 'N13008', 'N62429', 'N38118', 'N58061', 'N34124', 'N61131', 'N55189', 'N21623', 'N24127', 'N60844', 'N34955', 'N46978', 'N44559', 'N53354', 'N42289', 'N32098', 'N52116', 'N7242', 'N63332', 'N46504', 'N44361', 'N16290', 'N61211', 'N39634', 'N57886', 'N34172', 'N47954', 'N29451', 'N9899', 'N34669', 'N42801', 'N47090', 'N1825', 'N45794', 'N8401', 'N51692', 'N59704', 'N37811', 'N55743', 'N57318', 'N31709', 'N44796', 'N41225', 'N9364', 'N39520', 'N48000', 'N23732', 'N63656', 'N48276', 'N29867', 'N619', 'N28463', 'N54960', 'N33170', 'N2309', 'N26026', 'N1167', 'N23718', 'N8331', 'N6461', 'N30190', 'N31248', 'N33337', 'N31248', 'N22273', 'N19435', 'N50456', 'N47996', 'N61126', 'N36530', 'N13117', 'N16160', 'N20342', 'N47508', 'N4607', 'N50580', 'N33163', 'N15297', 'N43495', 'N25582', 'N40817', 'N10867', 'N56011', 'N57726', 'N28879', 'N54490', 'N29857', 'N3727']","[741, 2151, 2159, 2, 2184, 2169, 2188, 862, 124, 2186]"
U22930,90,"['N60903', 'N13537', 'N28487', 'N61864', 'N3501', 'N9070', 'N24724', 'N3345', 'N33458', 'N10336', 'N42208', 'N12907', 'N3508', 'N18164', 'N44947', 'N19638', 'N41997', 'N1088', 'N40427', 'N53580', 'N7046', 'N56514', 'N40977', 'N56630', 'N8584', 'N42281', 'N26017', 'N9798', 'N35022', 'N54974', 'N10897', 'N13362', 'N16715', 'N18951', 'N13866', 'N42025', 'N40138', 'N7981', 'N56753', 'N28313', 'N60184', 'N8448', 'N54842', 'N64129', 'N19280', 'N61249', 'N30110', 'N30077', 'N64467', 'N6750', 'N10559', 'N33096', 'N52206', 'N6506', 'N18587', 'N11726', 'N47020', 'N14761', 'N63539', 'N18360', 'N39495', 'N36271', 'N20798', 'N4607', 'N55911', 'N22097', 'N42781', 'N50710', 'N52555', 'N58113', 'N51270', 'N43202', 'N42986', 'N28803', 'N25762', 'N8148', 'N44077', 'N23911', 'N28257', 'N18321', 'N52307', 'N53017', 'N35671', 'N53037', 'N60291', 'N21970']","[511, 1008, 146, 680, 634, 900, 2210, 317, 1081, 2229]"
U37127,91,"['N30589', 'N42989', 'N10340', 'N1150', 'N871', 'N848', 'N12972', 'N619', 'N44732', 'N38105', 'N8549', 'N64983']","[814, 1281, 2231, 763, 292, 2232, 2230, 0, 1326, 104]"
U92486,92,"['N45388', 'N14238', 'N28467', 'N24724', 'N56446', 'N770', 'N20933', 'N36229', 'N32089', 'N15034', 'N51147', 'N14340', 'N4020', 'N65169', 'N57737', 'N20121', 'N21628', 'N33622', 'N6231', 'N40545', 'N61319', 'N46354', 'N28660', 'N29819', 'N9460', 'N53052', 'N27106', 'N14662', 'N14972', 'N27644', 'N50343', 'N6154', 'N2805', 'N38821', 'N28058', 'N1455', 'N57318', 'N1398', 'N4524', 'N62545', 'N18445', 'N24591', 'N8160', 'N63642', 'N31820', 'N31801', 'N50015', 'N44007', 'N23614', 'N30160', 'N60936', 'N7132', 'N10671', 'N11673', 'N58625', 'N64467', 'N28088', 'N12349', 'N50049', 'N28711', 'N42620', 'N51464', 'N52692', 'N51616', 'N42583', 'N43955', 'N58801', 'N33771', 'N35554', 'N14588', 'N6785', 'N8285', 'N46795', 'N57239', 'N22032', 'N14349', 'N33771', 'N17371', 'N41218', 'N2735', 'N2052', 'N58601']","[2256, 1615, 2244, 2264, 2278, 2276, 553, 2266, 957, 2235]"
U36009,93,"['N33247', 'N58641', 'N64408', 'N30450', 'N11101', 'N11386', 'N2142', 'N47020', 'N6713', 'N313', 'N58006', 'N53617']","[313, 2286, 376, 2289, 2287, 2284, 2285, 2101, 296, 586]"
U49572,94,"['N44429', 'N44383', 'N18519', 'N32872', 'N61763', 'N29694', 'N20323', 'N28818', 'N871', 'N22525', 'N16233', 'N9984', 'N40107', 'N5440', 'N28583', 'N65046', 'N25889', 'N12353', 'N56003', 'N46128', 'N53234', 'N4020', 'N53963', 'N33103', 'N56224', 'N20039', 'N5187', 'N16865', 'N25634', 'N46333', 'N14387', 'N14558', 'N46439', 'N41256', 'N61598', 'N19643', 'N12197', 'N16109', 'N20295', 'N52707', 'N43983', 'N3818', 'N12341', 'N6023', 'N16765', 'N10512', 'N13923', 'N7111', 'N33503', 'N5290', 'N30858', 'N17254', 'N50324', 'N64185', 'N7044', 'N61883', 'N6253', 'N1637', 'N14218', 'N60418', 'N47319', 'N708', 'N62290', 'N10364', 'N28701', 'N45846', 'N60077', 'N6792', 'N27644', 'N46440', 'N11480', 'N60938', 'N39235', 'N50805', 'N49229', 'N31931', 'N34722', 'N37156', 'N24812', 'N6722', 'N63633', 'N18094', 'N49903', 'N12661', 'N9521', 'N50578', 'N46826', 'N10896', 'N46151', 'N37014', 'N12860', 'N1825', 'N57510', 'N23256', 'N21005', 'N50328', 'N59704', 'N46392', 'N12161', 'N46392', 'N12161', 'N13978', 'N45325', 'N5495', 'N24013', 'N60729', 'N19628', 'N54320', 'N59748', 'N39376', 'N36650', 'N10331', 'N48286', 'N17496', 'N49128', 'N54827', 'N65033', 'N49568', 'N21538', 'N50069', 'N58090', 'N28058', 'N60627', 'N20996', 'N9453', 'N42278', 'N3940', 'N1398', 'N21178', 'N55922', 'N51420', 'N60184', 'N40242', 'N10836', 'N38127', 'N37349', 'N39302', 'N43213', 'N10346', 'N47328', 'N36788', 'N52830', 'N54842', 'N28074', 'N38655', 'N56918', 'N12207', 'N11005', 'N44470', 'N54225', 'N7008', 'N28171', 'N41588', 'N63515', 'N61249', 'N306', 'N29613', 'N4526', 'N27604', 'N13418', 'N4572', 'N61894', 'N27604', 'N43831', 'N138', 'N10520', 'N24795', 'N62767', 'N4486', 'N38354', 'N10136', 'N42252', 'N31699', 'N10120', 'N60300', 'N39438', 'N17099', 'N57485', 'N13429', 'N16190', 'N24252', 'N43298', 'N32004', 'N4607', 'N23115', 'N54043', 'N26165', 'N54470', 'N64241', 'N60912', 'N59912', 'N54096', 'N16367', 'N32194', 'N18643', 'N5003', 'N44423', 'N31303', 'N29854', 'N28020', 'N1345', 'N30228', 'N58536', 'N5360', 'N54536', 'N63074', 'N30802', 'N33630', 'N30996', 'N16437', 'N2748', 'N3936', 'N19506', 'N58536', 'N147', 'N59258', 'N25687', 'N55507', 'N56032', 'N58011', 'N21342', 'N39187', 'N58649', 'N62590', 'N54287', 'N21970', 'N16790', 'N37262', 'N2621', 'N55558', 'N36086', 'N25687', 'N22261', 'N19043', 'N11929', 'N2886']","[2317, 2403, 2396, 1525, 1494, 2426, 3, 2405, 2363, 2356]"
U79199,95,"['N37083', 'N459', 'N29499', 'N38118', 'N37378', 'N24691', 'N27235', 'N34694', 'N13137', 'N35022', 'N16617', 'N39762', 'N35452', 'N58580', 'N1258', 'N24492', 'N31801', 'N43142', 'N14761']","[571, 718, 2466, 1195, 278, 337, 6, 373, 1182, 2468]"
U7471,96,"['N306', 'N47508', 'N17099', 'N32573', 'N31699', 'N61210', 'N40448', 'N37663', 'N52303']","[1241, 1575, 3, 640, 2471, 2183, 415, 1118, 2102, 4138]"
U81585,97,"['N17102', 'N61388', 'N16715', 'N32035', 'N36888', 'N23196', 'N53901', 'N18378', 'N33630', 'N23113']","[2473, 1979, 476, 530, 2441, 189, 2472, 2474, 2476, 2475]"
U89744,98,"['N24422', 'N25287', 'N39121', 'N41777', 'N58226', 'N119', 'N29197', 'N33727', 'N45189', 'N13480', 'N14167', 'N53494', 'N26040', 'N18094', 'N51458', 'N48222', 'N3812', 'N22561', 'N58264', 'N59289', 'N16541', 'N35488', 'N55141', 'N7534', 'N48423', 'N45794', 'N18939', 'N57967', 'N41832', 'N55051', 'N63411', 'N2533', 'N50748', 'N52631', 'N58090', 'N5092', 'N49689', 'N12349', 'N13057', 'N56638', 'N4885', 'N58997', 'N23554', 'N25604', 'N13286', 'N61342', 'N8448', 'N24578', 'N10417', 'N4693', 'N57528', 'N28149', 'N12215', 'N52145', 'N7132', 'N306', 'N8331', 'N11405', 'N28088', 'N49526', 'N42620', 'N55556', 'N25885', 'N38105', 'N43608', 'N62058', 'N8629', 'N22260', 'N27023', 'N8959', 'N63658', 'N16710', 'N55911', 'N10888', 'N2735', 'N53428', 'N8519', 'N4654']","[894, 2493, 680, 319, 2483, 2511, 2520, 1672, 2486, 2488]"
U47761,99,"['N22479', 'N55846', 'N53526', 'N872', 'N56460', 'N53520', 'N53354', 'N32089', 'N53074', 'N46033', 'N19079', 'N49647', 'N6441', 'N31225', 'N55576', 'N16384', 'N11821', 'N37075', 'N27642', 'N28614']","[1108, 1482, 2535, 2532, 2536, 2531, 912, 2538, 2528, 1227]"
